"geolev","index","n.x","dhs","n.y","predictions","n","country"
"204001001",-0.453583939490214,2688,-0.279054879090909,11,-0.0520928305454545,11,"Benin"
"204001002",-0.32797534795079,1526,-0.199557796,6,-0.0650850358333333,6,"Benin"
"204001003",-0.176058635180665,2325,-0.17812985375,8,-0.0230960295,8,"Benin"
"204001004",-0.46602722486886,917,-0.69091739,5,-0.217841604,5,"Benin"
"204001005",-0.280437201386851,2307,-0.183033875555556,9,0.262848663888889,9,"Benin"
"204001006",-0.570890909754757,1072,-0.19744529,4,-0.08882872675,4,"Benin"
"204002001",-0.536492879174506,1360,-0.678461718571429,7,-0.368236258857143,7,"Benin"
"204002002",-0.4048541247726,1023,-0.67706261,4,-0.4779355225,4,"Benin"
"204002003",-0.513635780729914,1108,-0.04574371,5,-0.018832154,5,"Benin"
"204002004",-0.444815623303681,1315,-0.109455513571429,7,-0.101408641442857,7,"Benin"
"204002005",-0.470374164672268,1625,-0.443648566666667,9,-0.450321138888889,9,"Benin"
"204002006",0.110628047147847,1771,-0.186317254545455,11,0.0547457454545454,11,"Benin"
"204002007",-0.400659222040965,912,-0.167599246,5,0.031723725,5,"Benin"
"204002008",-0.230385959997899,1101,-0.267329962857143,7,0.0217935,7,"Benin"
"204002009",-0.666092937474164,539,-0.776206263333333,3,-0.363522103333333,3,"Benin"
"204003001",0.937697798922251,14552,0.953653393923077,26,1.15166235846154,26,"Benin"
"204003002",-0.0909167432050095,2991,0.188678900909091,11,0.560794986181818,11,"Benin"
"204003003",-0.223425980622992,1528,-0.027929733125,8,0.13904074625,8,"Benin"
"204003004",0.577117852468991,3645,0.669803154545455,11,0.717923416818182,11,"Benin"
"204003005",-0.142339406891874,2036,-0.2792325142,10,-0.0752245648,10,"Benin"
"204003006",-0.143375640695091,2013,-0.2151695419,10,0.20267002005,10,"Benin"
"204003007",-0.336545617673718,1189,-0.121555874857143,7,0.268722703857143,7,"Benin"
"204003008",-0.330227139187837,1921,-0.128119534,10,0.1693046514,10,"Benin"
"204004001",-0.320317207462041,1573,-0.100004585714286,7,-0.0920268635714286,7,"Benin"
"204004002",-0.542571292066719,1727,-0.293108650428571,7,-0.201153485714286,7,"Benin"
"204004003",-0.328201418647951,1408,-0.112285393166667,6,0.265830804333333,6,"Benin"
"204004004",-0.290296046513853,1670,-0.31918452625,8,-0.1479452055,8,"Benin"
"204004005",0.934605254224792,4615,0.982281510714286,14,1.28721238142857,14,"Benin"
"204004006",-0.497648631077059,863,0.2599196675,4,0.441373605,4,"Benin"
"204004007",-0.311324578239464,940,-0.1318845292,5,0.121947234,5,"Benin"
"204004008",-0.217312768244118,3011,0.051250401,10,0.1024172387,10,"Benin"
"204005001",-0.0226860387672156,1822,0.19510083125,8,0.0610654125,8,"Benin"
"204005002",-0.165730156841086,2265,0.179655524454545,11,-0.00987521545454547,11,"Benin"
"204005003",-0.0880155682827884,2232,0.0194189292727273,11,0.0189920573363636,11,"Benin"
"204005004",-0.234482939663801,2187,0.0269353611111111,9,0.174195658666667,9,"Benin"
"204005005",-0.0903055429703679,2802,-0.0454639723076923,13,-0.0681848893846154,13,"Benin"
"204005006",-0.0209335091279874,1608,0.27866396325,8,0.224688815,8,"Benin"
"204006001",-0.267343366299503,3311,-0.0111151025454545,11,0.0161237464545455,11,"Benin"
"204006002",-0.473173839555751,2511,-0.263378177777778,9,-0.0405284031111111,9,"Benin"
"204006003",-0.2061503338247,2120,-0.1712034945,10,0.3745360537,10,"Benin"
"204006004",-0.376660878268835,2551,-0.184271940555556,9,0.0292929802222222,9,"Benin"
"204006005",-0.533044141354994,1773,-0.148269568888889,9,-0.0877514891111111,9,"Benin"
"204006006",-0.533668493384113,1778,-0.0734752903333333,6,0.167744165933333,6,"Benin"
"204007001",-0.14339740598443,1692,0.28134704,8,0.0934205855,8,"Benin"
"204007002",-0.414949756690201,725,-0.230192742857143,7,-0.332241024285714,7,"Benin"
"204007003",-0.00627003938833019,3403,0.2618603968125,16,0.223704076875,16,"Benin"
"204007004",-0.127463748531306,821,0.0441608215,4,-0.246873944,4,"Benin"
"204008001",1.468090702221,16650,1.31539011238095,84,1.54284268571429,84,"Benin"
"204009001",-0.381430957536087,1209,-0.424476182857143,7,-0.00452776485714286,7,"Benin"
"204009002",-0.500271634260846,1813,-0.3956945475,8,-0.051634677,8,"Benin"
"204009003",0.305827841039491,1887,0.19880673875,8,0.56127641,8,"Benin"
"204009004",-0.0746977240924574,1405,0.0457219571428571,7,-0.0103446274285714,7,"Benin"
"204009005",-0.317528769827802,2203,0.0261463048888889,9,0.0963947081666667,9,"Benin"
"204009006",0.183336864024747,2080,0.4417288015,10,0.445655557,10,"Benin"
"204010001",0.337569697412229,2137,0.6851167775,8,0.9913141725,8,"Benin"
"204010002",-0.194052985158837,1531,-0.346619389,8,-0.09448873725,8,"Benin"
"204010003",-0.064009248276765,846,-0.1739385625,4,-0.0162062854,4,"Benin"
"204010004",0.135143839715831,2389,0.33402635875,8,0.8290014825,8,"Benin"
"204010005",0.0219985248313955,2640,0.240815068833333,9,0.961549382222222,9,"Benin"
"204010006",-0.118336278148183,772,-0.087949235,6,-0.150038548166667,6,"Benin"
"204010007",-0.366008838105821,1962,-0.404306007777778,9,0.100526356666667,9,"Benin"
"204010008",1.23749698753282,6037,1.11438540666667,18,1.44397975,18,"Benin"
"204010009",0.694155986931566,4945,0.694414910307692,13,1.05565641538462,13,"Benin"
"204011001",-0.287861417370438,1923,-0.0812615405555556,9,0.114037596777778,9,"Benin"
"204011002",-0.0490538166540787,2138,0.163960524222222,9,0.510411071444444,9,"Benin"
"204011003",-0.174183182470467,2803,0.301689310636364,11,-0.126655583636364,11,"Benin"
"204011004",0.00389764812837128,2118,-0.0867125106666667,9,0.0620881722222222,9,"Benin"
"204011005",-0.0126560133323728,2069,0.101167165714286,7,0.280359672571429,7,"Benin"
"204012001",0.643992540777535,2043,0.301525804545455,11,0.881926381818182,11,"Benin"
"204012002",-0.357150238855034,1676,-0.2040550225,8,0.044454460625,8,"Benin"
"204012003",0.630200451087216,3828,0.538483523571429,14,0.931677167142857,14,"Benin"
"204012004",0.33466330287484,1003,0.218313128833333,6,0.245890831,6,"Benin"
"204012005",-0.470612412733973,2392,-0.291603561363636,11,-0.233268404545455,11,"Benin"
"204012006",-0.431725477085137,960,-0.404050081666667,6,-0.210011157833333,6,"Benin"
"204012007",-0.299441802203867,1042,-0.3217134908,5,-0.2320575972,5,"Benin"
"204012008",-0.582749188695961,2923,-0.519546368909091,11,0.0181222756636364,11,"Benin"
"204012009",-0.423101230302174,1998,-0.237019041111111,9,0.0260225544444444,9,"Benin"
"426001002",-0.0580969644184176,1205,-0.183297257611111,18,-0.459579242777778,18,"Lesotho"
"426001003",-0.388282355157815,573,-0.415612960625,8,-0.40838704375,8,"Lesotho"
"426001005",0.457603808299521,572,0.40588428632,10,0.1880658841,10,"Lesotho"
"426002006",-0.558277316752836,540,-0.801968615,4,-0.58799994,4,"Lesotho"
"426002007",-0.105958247262709,562,-0.201533556666667,3,-0.416032576666667,3,"Lesotho"
"426002008",-0.253228631319976,424,-0.1079256402,4,-0.258006953,4,"Lesotho"
"426002010",-0.209557157116453,483,-0.5307481125,4,-0.5333889125,4,"Lesotho"
"426002011",0.111600334200387,856,-0.0263422345,6,-0.2044295375,6,"Lesotho"
"426002013",0.35727758557469,1011,0.5823076115,4,0.3778202425,4,"Lesotho"
"426002014",0.115657133178154,473,-0.1510355,1,-0.2513882,1,"Lesotho"
"426002015",0.493029961874552,806,0.478555415,4,0.894181445,4,"Lesotho"
"426002016",0.315380058426831,631,0.284760365,4,0.474540385,4,"Lesotho"
"426002017",0.194921099330442,815,-0.106195403333333,6,-0.316465932833333,6,"Lesotho"
"426003019",-0.421809789500744,496,-0.47373202,1,-0.50192267,1,"Lesotho"
"426003020",0.0593564389219254,511,-0.180951546,5,-0.466741184,5,"Lesotho"
"426003021",0.0129817296388387,436,0.01746466,5,-0.392389424,5,"Lesotho"
"426003023",-0.12638202762535,559,-0.189740916666667,3,-0.30063684,3,"Lesotho"
"426003024",0.719682582908379,555,1.16473646666667,3,0.322037783333333,3,"Lesotho"
"426003025",-0.163135498729274,713,-0.310380873333333,6,-0.529731903333333,6,"Lesotho"
"426003026",-0.0242415636089286,838,0.109108540428571,7,-0.294853288735714,7,"Lesotho"
"426003028",0.999987569681146,664,0.919138152,5,0.4437016,5,"Lesotho"
"426003029",1.46446755487034,1070,0.99005398,2,0.87102895,2,"Lesotho"
"426004030",0.852267973335234,808,1.05362138333333,6,0.97608909,6,"Lesotho"
"426004031",1.09350974926187,612,0.605606125,4,1.065071925,4,"Lesotho"
"426004032",0.932986564105265,1404,0.636595685714286,7,0.869000724285714,7,"Lesotho"
"426004033",0.577289426348383,1103,0.456629803333333,9,0.807022448888889,9,"Lesotho"
"426004034",0.978763901938261,1123,0.523434114,5,0.499876596,5,"Lesotho"
"426004035",1.19890253565554,738,0.8149903325,4,0.516334015,4,"Lesotho"
"426004037",0.175025931422214,525,-0.005822966,1,-0.38233164,1,"Lesotho"
"426004038",-0.0925965163292637,518,0.37622757,4,-0.19650364925,4,"Lesotho"
"426004039",-0.354305578837168,518,-0.3779637675,4,-0.57833706,4,"Lesotho"
"426004040",0.192913411202342,1024,0.121462855,4,-0.2924113575,4,"Lesotho"
"426004042",0.451321670416509,569,0.3648591,3,0.0740853933333333,3,"Lesotho"
"426004043",-0.293492973724979,442,-0.41271083,4,-0.4221299625,4,"Lesotho"
"426004044",0.0382244462220449,540,0.0771753333333333,3,-0.141880469,3,"Lesotho"
"426004045",-0.307363389644579,449,-0.19167487,1,-0.5715808,1,"Lesotho"
"426004046",-0.57429788999676,473,-0.45035954,4,-0.584557935,4,"Lesotho"
"426005047",-0.188923629123569,439,-0.0419147931,3,-0.573708436666667,3,"Lesotho"
"426005048",-0.314325696004617,442,-0.2704830275,4,-0.4837291,4,"Lesotho"
"426005051",-0.233158106719024,1140,-0.352234268,10,-0.517671958,10,"Lesotho"
"426005052",-0.165400571397481,473,-0.166749212,5,-0.48218425,5,"Lesotho"
"426005053",-0.0676872519672594,538,-0.0518319775,4,-0.3985714085,4,"Lesotho"
"426005055",0.464614331920285,1223,0.507146663636364,11,0.212707015090909,11,"Lesotho"
"426006057",-0.0878688619413171,1289,-0.0852449714615385,13,-0.457722619230769,13,"Lesotho"
"426006058",0.391483360881734,615,0.714131216666667,6,0.0390941716666667,6,"Lesotho"
"426006059",-0.293027458710746,432,-0.07136866175,4,-0.4197344025,4,"Lesotho"
"426006060",-0.346734676168452,484,-0.406169525,4,-0.4914936,4,"Lesotho"
"426006062",-0.690557545085064,415,-0.72761153,5,-0.593511822,5,"Lesotho"
"426006063",-0.732528014994702,472,-0.672363648,5,-0.563618518,5,"Lesotho"
"426007064",-0.191951135515319,585,-0.222538023333333,6,-0.2931727315,6,"Lesotho"
"426007065",0.0997927502064445,530,0.1257208,8,-0.120452495,8,"Lesotho"
"426007066",-0.392893328032216,446,-0.478862354457143,7,-0.503251651428571,7,"Lesotho"
"426007067",-0.270026808608965,575,-0.414667435714286,7,-0.4515958,7,"Lesotho"
"426007068",-0.430265407639528,499,-0.58416824,7,-0.630797748571429,7,"Lesotho"
"426008069",-0.217274919619888,954,-0.202306958571429,21,-0.251620933809524,21,"Lesotho"
"426008071",-0.275790842495462,492,-0.513638513733333,15,-0.422587729333333,15,"Lesotho"
"426009077",-0.619226520973524,510,-0.6082284,9,-0.58006194,9,"Lesotho"
"426009078",-0.659095205621721,428,-0.718969388571429,7,-0.568034935714286,7,"Lesotho"
"426009079",-0.23737266712406,618,-0.427433492454545,11,-0.302290639090909,11,"Lesotho"
"426009080",-0.553987662127498,460,-0.628935558888889,9,-0.55883864,9,"Lesotho"
"426010072",-0.525639904166603,1000,-0.630816993333333,15,-0.585470788,15,"Lesotho"
"426010074",-0.175286585457888,490,-0.285151052,10,-0.300699873,10,"Lesotho"
"426010075",-0.767933316668928,538,-0.765896114285714,7,-0.623401124285714,7,"Lesotho"
"426010076",NA,NA,-0.78638243,6,-0.607132245,6,"Lesotho"
"454101001",-0.350647566021518,2145,-0.524949417894737,19,-0.315492768631579,19,"Malawi"
"454101002",-0.503303870354913,943,-0.755821171428571,7,-0.656439898571429,7,"Malawi"
"454101003",-0.44753640360953,587,-0.751112033333333,3,-0.641323783333333,3,"Malawi"
"454102001",-0.45561964208656,2990,-0.582852018,15,-0.419478816666667,15,"Malawi"
"454102002",-0.522918915196911,1764,-0.6306773225,8,-0.56589439125,8,"Malawi"
"454102003",0.434883730826505,800,-0.255645131666667,6,0.635905541666667,6,"Malawi"
"454103001",-0.322843459634149,803,-0.3779470608,5,-0.58480699,5,"Malawi"
"454103002",-0.254946300895425,800,-0.4917842,5,-0.692232048,5,"Malawi"
"454103003",-0.334876078468068,681,-0.48933309,3,-0.646216873333333,3,"Malawi"
"454103004",-0.317181921404217,786,-0.50595039,2,-0.561404235,2,"Malawi"
"454103005",-0.461711224894262,525,-0.628168415,4,-0.679777885,4,"Malawi"
"454103006",0.231833146071537,421,-0.14088742125,4,-0.00862976875,4,"Malawi"
"454103007",-0.312273512803832,392,-0.422703606666667,3,-0.60744105,3,"Malawi"
"454104001",-0.168007780234779,2367,-0.304490443684211,19,-0.26138763,19,"Malawi"
"454104002",-0.217682701411896,711,-0.394470232,5,-0.495905976,5,"Malawi"
"454104003",-0.329710394394433,442,-0.521452335,4,-0.5747466925,4,"Malawi"
"454105001",0.899268538743641,2728,NA,NA,NA,NA,"Malawi"
"454105002",-0.272836304935498,3086,-0.349828317142857,7,-0.523476398571429,7,"Malawi"
"454105003",-0.486502304667195,2509,-0.553846068,5,-0.562615394,5,"Malawi"
"454105004",-0.524536436404728,2170,-0.677504025,4,-0.533512195,4,"Malawi"
"454105005",-0.386637851010368,1312,-0.1721523065,4,0.0527729225,4,"Malawi"
"454105006",-0.402426481082464,1214,-0.59233295,2,-0.61604465,2,"Malawi"
"454105007",-0.356387396341926,1096,-0.305881725,2,-0.6300751,2,"Malawi"
"454105008",-0.350327923101027,829,-0.5309374,1,-0.5643741,1,"Malawi"
"454105009",-0.510064561966326,703,-0.47371233,1,-0.68797827,1,"Malawi"
"454105010",-0.343291215216828,592,-0.5216426,1,-0.5630994,1,"Malawi"
"454105011",0.814299647025273,403,0.408478985714286,7,0.602654262857143,7,"Malawi"
"454201001",-0.344043680707739,1719,-0.5140528025,4,-0.4526280975,4,"Malawi"
"454201002",-0.439409589913107,1645,-0.6544442375,4,-0.605054485,4,"Malawi"
"454201003",-0.53196563111551,1152,-0.670615855,2,-0.682571775,2,"Malawi"
"454201004",-0.420677718297391,1105,-0.5504771,2,-0.42884388,2,"Malawi"
"454201005",-0.474482595185454,977,0.01314521,3,-0.567448616666667,3,"Malawi"
"454201006",-0.415304251057227,850,-0.6071917,1,-0.60182977,1,"Malawi"
"454201007",-0.337142841139385,848,-0.32221058,3,-0.231618583333333,3,"Malawi"
"454201008",0.656485457231279,827,-0.094366035,2,0.44245313,2,"Malawi"
"454201009",-0.375514681358805,795,-0.46215875,2,-0.490814,2,"Malawi"
"454201010",-0.43304217746934,787,-0.50940243,2,-0.66099293,2,"Malawi"
"454201011",-0.474118981501606,736,-0.66063402,2,-0.59539775,2,"Malawi"
"454201012",-0.492153963889921,578,-0.6142768,1,-0.6433401,1,"Malawi"
"454201013",-0.534028432412823,604,-0.6273598,1,-0.6645198,1,"Malawi"
"454202001",-0.131056653838085,2170,-0.316083910111111,9,-0.447329994444444,9,"Malawi"
"454202002",-0.631344212876221,1395,-0.704520582857143,7,-0.604052625714286,7,"Malawi"
"454202003",-0.536518853684523,1077,-0.67014407,5,-0.581046774,5,"Malawi"
"454202004",-0.489463866140788,496,-0.7005805,3,-0.649323546666667,3,"Malawi"
"454202005",0.231000341916073,480,0.0878596,4,0.4898121975,4,"Malawi"
"454202006",-0.475180439808601,492,-0.5819595,2,-0.637031795,2,"Malawi"
"454203001",-0.390872199357939,2022,-0.659181864444444,9,-0.543751193333333,9,"Malawi"
"454203002",-0.449660253640859,1250,-0.67349005375,8,-0.6282627275,8,"Malawi"
"454203003",-0.472883590582809,795,-0.356652648571429,7,-0.68936073,7,"Malawi"
"454203004",-0.544687923635366,540,-0.6591194625,4,-0.665371205,4,"Malawi"
"454204001",-0.444652796355495,2558,-0.58678494,6,-0.545841946666667,6,"Malawi"
"454204002",-0.519958053385915,1759,-0.68291819,4,-0.5514003725,4,"Malawi"
"454204003",-0.524381349125455,1835,-0.727446166,5,-0.584001134,5,"Malawi"
"454204004",-0.442914645329031,1810,-0.664722346666667,3,-0.459580472,3,"Malawi"
"454204005",-0.526532859962372,1596,-0.38738593,3,-0.264306003333333,3,"Malawi"
"454204006",-0.570469506515232,1394,-0.6674837775,4,-0.504214075,4,"Malawi"
"454204007",-0.230121387827011,1086,-0.61873618,4,0.0622513125,4,"Malawi"
"454205001",-0.61047560205779,1880,-0.73432655,8,-0.53268695875,8,"Malawi"
"454205002",-0.517100628867046,1225,-0.422310098,5,-0.307945504,5,"Malawi"
"454205003",-0.588621227670733,1256,-0.7380514,3,-0.56717269,3,"Malawi"
"454205004",-0.179647657848396,1023,-0.25167925,4,0.1893919525,4,"Malawi"
"454205005",0.477096392019213,616,0.85336895,2,0.73962907,2,"Malawi"
"454205006",-0.616126138506956,596,-0.717589986666667,3,-0.627751933333333,3,"Malawi"
"454205007",-0.646795148510169,461,-0.8899667,1,-0.7008761,1,"Malawi"
"454205008",-0.646660957127327,467,-0.76080926,3,-0.591811633333333,3,"Malawi"
"454206001",0.908763861358051,14937,0.423297871130435,23,0.946712689565217,23,"Malawi"
"454206002",-0.528969692650224,5099,-0.701476058,5,-0.581473104,5,"Malawi"
"454206003",-0.485116897017015,3103,-0.62091207,2,-0.43083452,2,"Malawi"
"454206004",-0.505154284667995,2371,-0.575033725,2,-0.58898115,2,"Malawi"
"454206005",-0.490398446379277,2458,-0.373100866666667,3,-0.320266746666667,3,"Malawi"
"454206006",-0.539295185736437,2051,-0.7236694,1,-0.6764795,1,"Malawi"
"454206007",-0.535104838832515,2295,-0.74545693,1,-0.6462674,1,"Malawi"
"454206008",-0.474890951565383,1978,-0.7066253,1,-0.47591043,1,"Malawi"
"454206009",-0.520390394084508,2042,-0.75098425,2,-0.38429075,2,"Malawi"
"454206010",-0.544584311660237,1319,-0.8454181,1,-0.6790889,1,"Malawi"
"454206011",-0.499090524920107,993,-0.609399,1,0.31044054,1,"Malawi"
"454206012",-0.631621086135288,878,-0.80637065,2,-0.681169625,2,"Malawi"
"454206013",-0.28808433500315,708,-0.6510426,1,0.30194223,1,"Malawi"
"454206014",-0.345530835112544,691,NA,NA,NA,NA,"Malawi"
"454206015",-0.563939920851607,616,-0.5676627,1,-0.6199726,1,"Malawi"
"454206016",-0.380932752457151,510,-0.72257125,1,0.6200148,1,"Malawi"
"454207001",-0.266672852365626,2328,-0.35677050125,8,-0.1692061425,8,"Malawi"
"454207002",-0.531827948327015,1916,-0.631306496666667,6,-0.503595426666667,6,"Malawi"
"454207003",-0.517371335360955,1834,-0.654586325,6,-0.569172666666667,6,"Malawi"
"454207004",-0.518331634357342,1628,-0.666865706666667,6,-0.59106753,6,"Malawi"
"454207005",-0.42921172714387,1065,-0.706462133333333,3,-0.46288737,3,"Malawi"
"454207006",-0.536031696161764,794,-0.7498709,1,-0.48360717,1,"Malawi"
"454208001",-0.538755412812806,3118,-0.7553043,5,-0.425934102,5,"Malawi"
"454208002",-0.550164618347907,3034,-0.74399194375,8,-0.5438834675,8,"Malawi"
"454208003",-0.566391179398051,2015,-0.813150676666667,3,-0.547300303333333,3,"Malawi"
"454208004",-0.568657549014792,1651,-0.774428486666667,3,-0.459783716666667,3,"Malawi"
"454208005",-0.561052554586029,1450,-0.708011766666667,3,-0.541027043333333,3,"Malawi"
"454208006",-0.601391778711734,1424,-0.72984908,2,-0.56339707,2,"Malawi"
"454208007",-0.491718503203167,665,-0.350152145,3,-0.408706866666667,3,"Malawi"
"454208008",0.685282649297519,431,0.018097471,1,0.52195525,1,"Malawi"
"454208009",-0.61335236466798,491,-0.77371424,1,-0.6936399,1,"Malawi"
"454209001",-0.545997472169833,2436,-0.65147359375,8,-0.60847196625,8,"Malawi"
"454209002",-0.363518770942216,2428,-0.529468591666667,6,-0.632250093333333,6,"Malawi"
"454209003",-0.100511827239354,1314,-0.110450366,5,0.091799936,5,"Malawi"
"454209004",-0.423515341304376,1290,-0.70721502,3,-0.60210694,3,"Malawi"
"454209005",-0.468385506442601,1280,-0.657510425,2,-0.6195823,2,"Malawi"
"454209006",-0.487758627856719,1150,-0.6200178125,4,-0.6686160525,4,"Malawi"
"454209007",-0.494396867947521,627,-0.7289105,1,-0.46169865,1,"Malawi"
"454209008",-0.484235906956968,534,-0.646660635,2,-0.668511435,2,"Malawi"
"454301001",-0.427857733751431,7545,-0.55616039625,12,-0.515974045,12,"Malawi"
"454301002",-0.47182472808218,2479,-0.4808572425,4,-0.5315291375,4,"Malawi"
"454301003",-0.524401282562664,1776,-0.74486115,3,-0.576237153333333,3,"Malawi"
"454301004",-0.423530218539021,1773,-0.5269150775,4,-0.26918336,4,"Malawi"
"454301005",-0.54636284927108,1546,-0.7472386,2,-0.66394565,2,"Malawi"
"454301006",-0.489770843827001,1240,-0.75121903,1,-0.5668448,1,"Malawi"
"454301007",0.652589253222116,810,0.0135696816,2,0.640220995,2,"Malawi"
"454301008",-0.463138959982454,706,-0.7590068,2,-0.67797313,2,"Malawi"
"454302001",-0.520754246000851,2570,-0.536002964285714,7,-0.56123727,7,"Malawi"
"454302002",-0.527384666829428,1913,-0.72088389,4,-0.690840825,4,"Malawi"
"454302003",-0.593165519430869,1244,-0.706114623333333,3,-0.55622836,3,"Malawi"
"454302004",0.413087885838443,477,0.856475,1,0.482956,1,"Malawi"
"454302005",-0.526277961776456,1125,-0.56412543,3,-0.443388693333333,3,"Malawi"
"454302006",-0.49266522991456,927,-0.479516253333333,3,-0.314659206666667,3,"Malawi"
"454302007",-0.29429055653312,877,-0.517729156666667,3,-0.0380678739,3,"Malawi"
"454302008",-0.618189921356331,581,-0.67561316,1,-0.5339233,1,"Malawi"
"454302009",-0.44341888982724,520,-0.62051207,1,-0.67157096,1,"Malawi"
"454302010",-0.342641362527295,515,-0.5737298,1,-0.42242336,1,"Malawi"
"454302011",-0.434845169740973,458,-0.6760792,1,-0.46123016,1,"Malawi"
"454302888",NA,NA,-0.76656014,1,-0.56790376,1,"Malawi"
"454303001",1.10651529469733,1844,0.573661655,2,0.844727035,2,"Malawi"
"454303002",-0.479403796881226,3306,-0.629602364285714,7,-0.5674413,7,"Malawi"
"454303003",-0.418935276344449,3174,-0.561908765,4,-0.5823931925,4,"Malawi"
"454303004",-0.481575882869333,2786,-0.599565163333333,6,-0.4380411119,6,"Malawi"
"454303005",-0.484581474233607,1836,-0.5546153,3,-0.551559083333333,3,"Malawi"
"454303006",-0.0841657865793817,1347,0.0288794215,4,0.13717936925,4,"Malawi"
"454303007",-0.454224366183566,1372,-0.4540679,2,-0.33650617,2,"Malawi"
"454304001",-0.340342796660647,1876,-0.469770747777778,9,-0.298284951777778,9,"Malawi"
"454304002",-0.501591058926771,1874,-0.74155057,5,-0.522942344,5,"Malawi"
"454304003",-0.371859012792539,1339,-0.638977828333333,6,-0.0181252905,6,"Malawi"
"454304004",-0.540646601848781,981,-0.6300769175,4,-0.48118264,4,"Malawi"
"454304005",-0.469460063780767,834,-0.4315086608,5,-0.615179344,5,"Malawi"
"454305001",1.03309915439544,14605,0.565343523119048,42,0.934631126904762,42,"Malawi"
"454305002",-0.114315730621433,1633,-0.375285885,2,0.3388126725,2,"Malawi"
"454305003",-0.206027239445098,1645,-0.7019959,1,-0.05713308,1,"Malawi"
"454305004",-0.39969982104224,1398,-0.2515489453,2,0.23182035,2,"Malawi"
"454305005",-0.446317150025954,918,-0.754943,1,-0.418065,1,"Malawi"
"454305006",-0.398983857301425,910,-0.7483863,1,-0.696577,1,"Malawi"
"454305007",-0.492338436925213,810,NA,NA,NA,NA,"Malawi"
"454305008",-0.491275132780973,634,-0.3745067,1,0.04893581,1,"Malawi"
"454307001",-0.384625118955949,2901,-0.186949616363636,11,0.0373194954545455,11,"Malawi"
"454307002",-0.27682638506672,2186,-0.483094975,2,0.2662373025,2,"Malawi"
"454307003",-0.242839379695832,1624,-0.36434698,3,-0.209697075333333,3,"Malawi"
"454307004",-0.487283244854832,1165,-0.443533815,2,-0.578503615,2,"Malawi"
"454307005",-0.541190293688559,1060,-0.73293567,1,-0.66102564,1,"Malawi"
"454307006",-0.526760690581481,1225,-0.64599282,3,-0.527371973333333,3,"Malawi"
"454307007",-0.428273308729062,1118,-0.6413581,1,0.060040195,1,"Malawi"
"454307008",-0.520238690571026,864,-0.547910746666667,3,-0.67064945,3,"Malawi"
"454307009",-0.529381082853698,827,-0.64950925,2,-0.67513387,2,"Malawi"
"454307010",-0.528807349290818,765,-0.663560365,2,-0.6843122,2,"Malawi"
"454308001",-0.38148927534465,3650,-0.409599569090909,11,-0.235345325454545,11,"Malawi"
"454308002",-0.412580465708769,2210,-0.588825885714286,7,-0.511828655714286,7,"Malawi"
"454308003",-0.173335363241253,1886,-0.1486168375,4,0.1343505975,4,"Malawi"
"454308004",-0.545767365645512,1906,-0.613039195,4,-0.4814055575,4,"Malawi"
"454308005",-0.240824789966288,1585,-0.04867728,2,0.3588218235,2,"Malawi"
"454308006",-0.5012101453301,1024,-0.72587105,2,-0.23532098,2,"Malawi"
"454309001",-0.38891193672126,4958,-0.482981239047619,21,-0.465467073809524,21,"Malawi"
"454309002",-0.477849048739478,2381,-0.6681237575,8,-0.57771579875,8,"Malawi"
"454310001",-0.594956757472263,3091,-0.789950208888889,9,-0.51527371,9,"Malawi"
"454310002",-0.677793470321859,1929,-0.880609736666667,6,-0.590368765,6,"Malawi"
"454310003",-0.641354138079346,1402,-0.638034796666667,3,-0.670951316666667,3,"Malawi"
"454310004",0.244468923912619,1073,-0.424152373333333,3,0.447904986666667,3,"Malawi"
"454310005",-0.304851634769701,677,-0.28418267,2,-0.06017986,2,"Malawi"
"454310006",-0.622442832946863,714,-0.516009475,2,-0.661639935,2,"Malawi"
"454310007",-0.642739339246488,620,-0.7815439,1,-0.604545,1,"Malawi"
"454311001",-0.606274091473781,1308,-0.742798554285714,7,-0.612206557142857,7,"Malawi"
"454311002",-0.498057676375497,906,-0.3962693775,4,-0.1937026325,4,"Malawi"
"454311003",-0.680719186911086,828,-0.74528129,4,-0.6660686375,4,"Malawi"
"454311004",-0.672223012320897,733,-0.841273425714286,7,-0.665702937142857,7,"Malawi"
"454311005",-0.676598668536497,457,-0.79310775,2,-0.247345375,2,"Malawi"
"454311006",-0.725718516883324,506,-0.8442493,1,-0.52263,1,"Malawi"
"454311007",-0.0882091194425215,415,-0.1536134225,4,0.365210445,4,"Malawi"
"454312001",-0.387145899768961,4029,-0.524079768888889,18,-0.314563588,18,"Malawi"
"454312002",-0.472204717462769,2887,-0.660448863636364,11,-0.544120200054545,11,"Malawi"
"454312003",0.755056936946748,502,0.67809946,2,0.629602675,2,"Malawi"
"454313001",-0.537158679011107,1390,-0.620807175,14,-0.420831759,14,"Malawi"
"454313002",-0.404182511687273,914,-0.622621006,10,-0.569463437,10,"Malawi"
"454313003",-0.525117647837727,526,-0.492330664285714,7,-0.57942124,7,"Malawi"
"454313004",-0.458230137901156,439,-0.606816654,5,-0.582853248,5,"Malawi"
"454313005",-0.23907601078825,1299,-0.296120384714286,21,-0.127821944285714,21,"Malawi"
"646001001",0.810642287156806,6826,0.6576027745,20,0.76230264,20,"Rwanda"
"646001002",0.598105151077578,12931,0.5984623495,20,0.582951925,20,"Rwanda"
"646001003",0.943320736772413,7192,0.97777822725,20,0.78239753285,20,"Rwanda"
"646002001",-0.399258567502558,7487,-0.4582688063125,16,-0.226636748125,16,"Rwanda"
"646002002",-0.443801847555746,7432,-0.4882271040625,16,-0.4503643635625,16,"Rwanda"
"646002003",-0.490334747039847,6128,-0.519210496875,16,-0.483628611875,16,"Rwanda"
"646002004",-0.243469577138932,7450,-0.0994496776875,16,-0.1633884996875,16,"Rwanda"
"646002005",-0.447318247322856,7189,-0.4936882254375,16,-0.420400054375,16,"Rwanda"
"646002006",-0.392483827020906,7416,-0.5077649364375,16,-0.308353929375,16,"Rwanda"
"646002007",-0.251714943649941,7145,-0.273572390375,16,-0.274018676875,16,"Rwanda"
"646002008",-0.361471842844199,7728,-0.245065959125,16,-0.390581754375,16,"Rwanda"
"646003001",-0.414546021642166,6960,-0.391944829375,16,-0.394190565625,16,"Rwanda"
"646003002",-0.473837100949362,6784,-0.473847516875,16,-0.434210914375,16,"Rwanda"
"646003003",-0.0168194127577671,8412,-0.12862553125,16,0.2238091039375,16,"Rwanda"
"646003004",-0.391470183728013,6320,-0.513232753125,16,-0.413037811875,16,"Rwanda"
"646003005",-0.498633057744786,7519,-0.4405591495,16,-0.5329270675,16,"Rwanda"
"646003006",-0.215925387300462,8047,-0.2640984504375,16,-0.2458865579125,16,"Rwanda"
"646003007",-0.387374741948065,7865,-0.40092133025,16,-0.37624816916875,16,"Rwanda"
"646004001",-0.380363051378456,6515,-0.3995114630625,16,-0.504660050625,16,"Rwanda"
"646004002",-0.425108138185107,7624,-0.350717528125,16,-0.517595313,16,"Rwanda"
"646004003",-0.0938556617114484,8057,-0.153263078125,16,-0.263630171,16,"Rwanda"
"646004004",-0.380500913923182,7072,-0.379338349625,16,-0.592613306875,16,"Rwanda"
"646004005",-0.397659429109279,8309,-0.4204229225,16,-0.5411383833125,16,"Rwanda"
"646005001",-0.192860436682501,7232,-0.1217166818125,16,-0.290445894275,16,"Rwanda"
"646005002",-0.234101377485987,10179,-0.2411610040625,16,-0.4072469625,16,"Rwanda"
"646005003",-0.361181858155524,9318,-0.42289996875,16,-0.499026063125,16,"Rwanda"
"646005004",-0.245211194060337,7776,-0.205939848,16,-0.4389494625,16,"Rwanda"
"646005005",-0.323860606065891,7562,-0.243869623675,16,-0.5605514025,16,"Rwanda"
"646005006",-0.359511465134795,7776,-0.2749464975,16,-0.4823874425,16,"Rwanda"
"646005007",-0.243977994703469,8337,-0.21103403125,16,-0.30792566259375,16,"Rwanda"
"686001001",2.16452844432808,13657,1.61640084285714,14,1.23150391428571,14,"Senegal"
"686001002",1.56238318151852,12709,1.29880405,14,1.16059497857143,14,"Senegal"
"686001003",1.31072428188892,3003,0.967950930666667,6,0.522246810666667,6,"Senegal"
"686002001",-0.246329507097872,2174,0.0187604233333333,6,-0.386822938333333,6,"Senegal"
"686002002",0.225249419392703,2138,0.39598106125,8,0.4710234375,8,"Senegal"
"686002003",0.728581160137538,5955,0.898891165625,16,0.8042695525,16,"Senegal"
"686003001",-0.158816502143405,2849,0.0770111107142857,14,-0.161622352857143,14,"Senegal"
"686003002",-0.0771925360930169,1916,0.361961458288889,9,-0.2463782337,9,"Senegal"
"686003003",-0.122846066189829,1524,0.324711813333333,6,0.0455209433333333,6,"Senegal"
"686004001",-0.31323624031402,4216,-0.039082352962963,27,-0.328981928888889,27,"Senegal"
"686004002",0.593422540267486,3935,0.700264903125,16,0.318648916875,16,"Senegal"
"686004003",-0.260200821483288,2292,0.128545284333333,9,-0.426900855555556,9,"Senegal"
"686005001",-0.225796493064574,2673,0.0628072860666667,15,0.0106322453333333,15,"Senegal"
"686005002",-0.44339433761619,3075,-0.0313085256153846,26,-0.262064093653846,26,"Senegal"
"686005003",-0.345380794435719,2018,0.0354550241666667,12,-0.287378559166667,12,"Senegal"
"686008001",0.0695775132768892,1874,0.631549859142857,7,-0.167634580285714,7,"Senegal"
"686008002",-0.267780530818953,9768,0.118788977173913,46,-0.268334202936957,46,"Senegal"
"686008003",0.480627232245398,2643,0.333679936153846,13,0.00108557846153845,13,"Senegal"
"686008004",0.724532884909784,4596,0.77592422035,16,0.39475771,16,"Senegal"
"686009001",-0.169991300866717,1632,-0.123373731428571,7,-0.303639084285714,7,"Senegal"
"686009002",-0.577378491289203,1204,-0.274126384285714,21,-0.378972592,21,"Senegal"
"686009003",-0.18785263922512,3347,-0.0604558805263158,19,-0.103869502631579,19,"Senegal"
"686010001",0.400021896267744,4795,0.743754845454545,11,0.439186943636364,11,"Senegal"
"686010002",0.856520208664207,4992,1.05432019754545,11,0.556212635090909,11,"Senegal"
"686010003",0.233534745223405,3535,0.392683786,9,-0.14592765,9,"Senegal"
"686011001",-0.316264535564678,2395,0.206546819090909,11,-0.0161561654545454,11,"Senegal"
"686011002",-0.401297075497805,623,-0.079808355,4,-0.307196512,4,"Senegal"
"686011003",0.562603292320385,2461,0.8160319725,12,0.759615789583333,12,"Senegal"
"694011001",-0.646638378092564,1039,-0.331221383,7,-0.187784507142857,7,"Sierra Leone"
"694011002",-0.700965919028333,487,-0.337708341666667,6,-0.336179918333333,6,"Sierra Leone"
"694011003",-0.861451917822318,718,-0.746269405,4,-0.3608438875,4,"Sierra Leone"
"694011004",-0.579579907133808,634,-0.55062325,3,-0.413855593333333,3,"Sierra Leone"
"694011005",-0.813503252526704,704,-0.71047574,3,-0.459286503333333,3,"Sierra Leone"
"694011006",-0.903542726237886,495,-0.906009625,2,-0.44176319,2,"Sierra Leone"
"694011007",-0.773616400630007,503,-0.6644094,1,-0.22879422,1,"Sierra Leone"
"694011008",-0.628019647205797,345,-0.504442393333333,3,-0.19603551,3,"Sierra Leone"
"694011009",-0.608074925432741,345,-0.7645231,3,-0.69104424,3,"Sierra Leone"
"694012001",0.345818820651325,1037,0.708722399,10,0.675668632,10,"Sierra Leone"
"694012002",-0.651054958202903,1479,-0.205490928,5,-0.290311126,5,"Sierra Leone"
"694012003",-0.581902064042942,724,-0.33116142,3,-0.274088183333333,3,"Sierra Leone"
"694012004",-0.704680832490852,700,-0.42065802,3,-0.330347266666667,3,"Sierra Leone"
"694012005",-0.653413590840798,592,-0.66428568,3,-0.154263640666667,3,"Sierra Leone"
"694012006",-0.795655833029036,530,-0.83821076,1,-0.29014972,1,"Sierra Leone"
"694012007",-0.757564693506419,466,-0.63234982,2,-0.398448235,2,"Sierra Leone"
"694012008",-0.678305677748205,439,0.099445075,1,0.05464061,1,"Sierra Leone"
"694012009",-0.793049897300319,468,-0.64423935,2,-0.41361171,2,"Sierra Leone"
"694012010",-0.836673401049035,300,-0.613032436666667,3,-0.321784953333333,3,"Sierra Leone"
"694013001",-0.215076499012039,1310,0.173098691888889,9,1.44112056666667,9,"Sierra Leone"
"694013002",-0.653812731892459,1045,-0.679755334857143,7,-0.21252789,7,"Sierra Leone"
"694013003",-0.429629330367643,671,-0.1882552945,4,0.1139281675,4,"Sierra Leone"
"694013004",-0.557312436237462,528,-0.118196675,2,0.64282626,2,"Sierra Leone"
"694013005",-0.628263263683511,522,-0.438013103333333,3,0.19410779,3,"Sierra Leone"
"694013006",-0.752347168465719,531,-0.645206415,4,-0.4458134925,4,"Sierra Leone"
"694013007",-0.522959889458927,370,-0.32536687,2,0.100295725,2,"Sierra Leone"
"694021001",-0.123474361967504,897,0.548744776,5,1.23894706,5,"Sierra Leone"
"694021002",-0.613232702958204,834,-0.317822866666667,6,-0.293087278333333,6,"Sierra Leone"
"694021003",-0.644635188123762,649,-0.615527212,5,-0.320204646,5,"Sierra Leone"
"694021004",-0.573764809583843,424,0.225854725714286,7,0.890605300214286,7,"Sierra Leone"
"694021005",-0.674647424979744,476,-0.494316165,4,0.00477118000000001,4,"Sierra Leone"
"694021006",-0.718829322315916,493,-0.6385155,3,-0.31136561,3,"Sierra Leone"
"694021007",-0.815720108204826,172,-0.09731525,1,-0.41031805,1,"Sierra Leone"
"694021008",-0.596584683360266,272,-0.72595327,2,-0.27647522,2,"Sierra Leone"
"694021009",-0.560548863727452,297,-0.38557297,3,0.01689976,3,"Sierra Leone"
"694022001",-0.637845258682698,719,-0.403491544,10,-0.437629881,10,"Sierra Leone"
"694022002",-0.446625584853445,833,-0.241265356714286,7,-0.0983698271428571,7,"Sierra Leone"
"694022003",-0.598336392684798,442,-0.689945333333333,3,-0.332430933666667,3,"Sierra Leone"
"694022004",-0.675924355080677,414,-0.10126793575,4,-0.5910766325,4,"Sierra Leone"
"694022005",-0.630283559605528,239,-0.7285385,1,-0.3544482,1,"Sierra Leone"
"694022006",-0.597193864742456,125,-0.404072746666667,3,-0.42977138,3,"Sierra Leone"
"694023001",-0.813442234005583,457,-0.76016848,2,-0.39601025,2,"Sierra Leone"
"694023002",-0.704125333546288,572,-0.5737238675,8,-0.50874180375,8,"Sierra Leone"
"694023003",-0.623616468360606,493,-0.771610692,5,-0.398077578,5,"Sierra Leone"
"694023004",-0.784563799644387,471,-0.913151725,2,-0.43932409,2,"Sierra Leone"
"694023005",-0.742980826541409,436,-0.46092533,4,-0.2902896275,4,"Sierra Leone"
"694023006",-0.740993825164116,359,-0.787101085,4,-0.52551664,4,"Sierra Leone"
"694023007",-0.393571433772359,378,0.380851406666667,3,0.682926456666667,3,"Sierra Leone"
"694023008",-0.459509687475187,306,-0.358988343333333,3,-0.239193466666667,3,"Sierra Leone"
"694024001",-0.601087997850051,522,-0.3728383946,5,-0.278740432,5,"Sierra Leone"
"694024002",-0.192322167705196,774,0.042610231,4,0.54183515375,4,"Sierra Leone"
"694024003",-0.677571250516326,329,-0.256313551666667,9,-0.116967173333333,9,"Sierra Leone"
"694024004",-0.690087355355173,419,-0.509494785,4,-0.2644699775,4,"Sierra Leone"
"694024005",-0.634271696462141,350,-0.517450288,5,-0.485191456,5,"Sierra Leone"
"694024006",-0.633859742651924,452,-0.31858559,2,-0.26198958,2,"Sierra Leone"
"694024007",-0.227064200600274,175,-0.60331317,2,-0.136414928,2,"Sierra Leone"
"694024008",-0.780704120677414,308,-0.0649833166666667,3,0.50150633,3,"Sierra Leone"
"694024009",-0.611047047147749,212,-0.46171078,1,-0.25439903,1,"Sierra Leone"
"694025001",-0.684526493895059,846,-0.4065911885,8,0.0524353245,8,"Sierra Leone"
"694025002",-0.684469576756169,702,-0.195678916666667,3,0.0885079333333333,3,"Sierra Leone"
"694025003",-0.665892227279964,698,-0.370839282,5,-0.1186688944,5,"Sierra Leone"
"694025004",-0.624084505256622,565,-0.731680206,5,-0.281177604,5,"Sierra Leone"
"694025005",-0.386621960846076,651,-0.0797902235,4,-0.1036374775,4,"Sierra Leone"
"694025006",-0.703813542323768,361,-0.65749156,1,-0.37095615,1,"Sierra Leone"
"694025007",-0.581111901860749,342,-0.1002257215,2,-0.1794866915,2,"Sierra Leone"
"694031001",0.206040352853901,744,0.8825324725,12,1.19846268583333,12,"Sierra Leone"
"694031002",-0.485761162607061,596,-0.420666295,4,-0.13266499,4,"Sierra Leone"
"694031003",-0.597681669807468,531,-0.390748365,4,-0.00149906465,4,"Sierra Leone"
"694031004",-0.770379406888515,617,-0.530787735,2,-0.299476605,2,"Sierra Leone"
"694031005",-0.574268940052489,499,-0.38428484,2,-0.07892499,2,"Sierra Leone"
"694031006",-0.690088442982973,462,-0.5737179,2,-0.212171985,2,"Sierra Leone"
"694031007",-0.456560085315834,440,-0.175196352,5,0.250333506,5,"Sierra Leone"
"694031008",-0.820907335240521,324,-0.81706744,1,-0.41878882,1,"Sierra Leone"
"694031009",-0.57148273004224,391,0.047533754,1,-0.2343849,1,"Sierra Leone"
"694031010",-0.802010126379799,291,-0.9078535,1,-0.16393563,1,"Sierra Leone"
"694031011",-0.722339568364198,367,-0.07365697,1,-0.04209231,1,"Sierra Leone"
"694032001",-0.768551158726415,673,-0.769005185,6,-0.267847066666667,6,"Sierra Leone"
"694032002",-0.730645150889791,560,-0.535549811,10,-0.259345261,10,"Sierra Leone"
"694032003",-0.818972466014098,370,-0.482345654,5,-0.441150704,5,"Sierra Leone"
"694032004",-0.644195788111789,465,-0.334330901666667,6,-0.0210933766666667,6,"Sierra Leone"
"694033001",-0.81682585751605,228,-0.6226226,4,-0.3529673725,4,"Sierra Leone"
"694033002",-0.838858967041004,449,-0.612380965,2,-0.26104863,2,"Sierra Leone"
"694033003",-0.778951461023657,349,-0.660448015,4,-0.3863982275,4,"Sierra Leone"
"694033004",-0.855944583592865,455,-0.767358872,5,-0.2489269066,5,"Sierra Leone"
"694033005",-0.715311169076191,387,-0.188513076666667,3,-0.160502123333333,3,"Sierra Leone"
"694033006",-0.753824667674226,400,-0.8096806,1,-0.34634736,1,"Sierra Leone"
"694033007",-0.852238688648432,379,-0.387724045,2,-0.143389888,2,"Sierra Leone"
"694033008",-0.82007934906469,248,-0.489686816666667,3,-0.203151663333333,3,"Sierra Leone"
"694033009",-0.489194231665672,352,-0.245230225,4,-0.08352387,4,"Sierra Leone"
"694034001",-0.66049614506179,771,-0.239115373333333,6,0.0245542775,6,"Sierra Leone"
"694034002",-0.716599571526623,430,-0.355064314,5,-0.171688481,5,"Sierra Leone"
"694034003",-0.875181823834189,476,-0.48324694,4,-0.27222594425,4,"Sierra Leone"
"694034004",-0.741521208513303,346,-0.47693393,2,-0.22148676,2,"Sierra Leone"
"694034005",-0.827773877777727,205,-0.35823855,2,0.047193,2,"Sierra Leone"
"694034006",-0.725826269413899,405,-0.57090333,5,-0.202517554,5,"Sierra Leone"
"694034007",-0.762422211115721,279,-0.100011876666667,3,-0.0229007714333333,3,"Sierra Leone"
"694041001",-0.1787293692701,1001,0.193780962538462,13,0.576942224615385,13,"Sierra Leone"
"694041002",0.0760574655938413,1039,0.716129963076923,13,0.708762784461539,13,"Sierra Leone"
"694041003",-0.451214560449078,311,-0.48716072,3,-0.10389855,3,"Sierra Leone"
"694042000",NA,NA,1.22254718342857,35,1.37141951885714,35,"Sierra Leone"
"694042001",0.91337444577263,742,NA,NA,NA,NA,"Sierra Leone"
"694042002",0.992098295687279,288,NA,NA,NA,NA,"Sierra Leone"
"694042003",0.637528140575478,819,NA,NA,NA,NA,"Sierra Leone"
"694042004",0.588200418513355,1131,NA,NA,NA,NA,"Sierra Leone"
"694042005",0.195634706145877,1575,NA,NA,NA,NA,"Sierra Leone"
"694042006",0.858010950745144,743,NA,NA,NA,NA,"Sierra Leone"
"694042007",0.650518120893358,1407,NA,NA,NA,NA,"Sierra Leone"
"694042008",0.9504394843635,1465,NA,NA,NA,NA,"Sierra Leone"
"834001001",-0.38616645486518,13893,-0.541440084,5,-0.472435734,5,"Tanzania"
"834001002",-0.278361411499887,15843,-0.5836528425,4,-0.4234363,4,"Tanzania"
"834001003",-0.482635087895862,11623,-0.618588242857143,7,-0.331516891428571,7,"Tanzania"
"834001004",0.601950227422226,10539,0.195868485,4,0.302772386,4,"Tanzania"
"834002001",-0.333330869085035,8628,-0.577374445,2,-0.67238948,2,"Tanzania"
"834002002",0.404959188063933,18976,0.126289332,7,0.0504476378571429,7,"Tanzania"
"834002003",1.14399085223188,8939,0.740112432666667,6,0.695600683333333,6,"Tanzania"
"834002004",-0.204530797780001,13231,-0.28589842875,8,-0.45975319625,8,"Tanzania"
"834002005",-0.706359505265195,4055,-0.8871447,2,-0.7921738,2,"Tanzania"
"834002006",-0.089582989706247,12446,-0.3855120872,5,-0.536383058,5,"Tanzania"
"834002007",-0.324417490592749,5389,-0.731579123333333,3,-0.671777893333333,3,"Tanzania"
"834002008",-0.444864735224265,11324,-0.2764846828,5,-0.3110368186,5,"Tanzania"
"834003001",0.215753118596207,7130,-0.218337023333333,3,-0.327559643333333,3,"Tanzania"
"834003002",0.42848908447865,4656,0.118200249666667,3,-0.106422006666667,3,"Tanzania"
"834003003",0.156261129935398,7194,0.020115126,2,-0.67015635,2,"Tanzania"
"834003004",0.474306427968368,7564,0.034019303,6,-0.182911635166667,6,"Tanzania"
"834003005",0.398636755642269,8987,-0.0737274826666667,3,-0.329589044333333,3,"Tanzania"
"834003006",1.55277607724827,4452,1.06713753333333,3,0.698175366666667,3,"Tanzania"
"834004001",-0.277210615171686,7286,-0.646844228,5,-0.663760934,5,"Tanzania"
"834004002",-0.0307624170801538,10500,-0.6131252925,4,-0.537571015,4,"Tanzania"
"834004003",-0.15776998518301,9998,-0.39466547,2,-0.58740576,2,"Tanzania"
"834004004",0.985957181528782,8846,0.7746368976,5,0.849201882,5,"Tanzania"
"834004005",-0.00808749969739509,1953,NA,NA,NA,NA,"Tanzania"
"834004006",-0.354827174246831,12883,-0.57300385,4,-0.44672319,4,"Tanzania"
"834005001",-0.179871274485783,10990,-0.187770782583333,6,-0.414379568333333,6,"Tanzania"
"834005002",-0.294068356441368,13968,-0.552228133333333,6,-0.284648322333333,6,"Tanzania"
"834005003",0.0215615873211484,9419,0.3465914094,5,-0.116541344,5,"Tanzania"
"834005004",-0.279509013738796,8398,-0.5175554,1,-0.5945117,1,"Tanzania"
"834005005",1.10448962887258,4679,0.3353946235,2,0.4767368175,2,"Tanzania"
"834006001",0.037947248928124,7000,0.105542702,5,0.148754528,5,"Tanzania"
"834006002",0.592593667037402,4724,0.0636193125,4,0.18112827925,4,"Tanzania"
"834006003",-0.237237404897583,13015,-0.357992446666667,6,-0.154758763333333,6,"Tanzania"
"834006004",-0.350844619846915,6432,-0.460431025,4,-0.39680969,4,"Tanzania"
"834006005",-0.170752441992581,2549,NA,NA,NA,NA,"Tanzania"
"834007001",1.2379575148074,14976,1.065626935,14,1.07484592785714,14,"Tanzania"
"834007002",1.22949644184837,9455,0.8397129275,8,1.1283897625,8,"Tanzania"
"834007003",1.03868849004716,11436,0.752228711111111,9,1.11197746,9,"Tanzania"
"834008001",-0.33159643056207,6995,-0.254229305,4,-0.22772699,4,"Tanzania"
"834008002",-0.43504248609075,11423,-0.428035897142857,7,-0.429432869857143,7,"Tanzania"
"834008003",-0.369619342219371,7541,-0.485540143333333,3,-0.506688006666667,3,"Tanzania"
"834008004",-0.345585824728205,2667,-0.88976055,1,-0.6980976,1,"Tanzania"
"834008005",0.175834043901466,3644,-0.231965138,5,-0.272880322,5,"Tanzania"
"834009001",-0.456118090274176,6368,-0.48425319,3,-0.43283498,3,"Tanzania"
"834009002",-0.369000686304131,14025,-0.60900220875,8,-0.4032291525,8,"Tanzania"
"834009003",-0.383378714218231,13841,-0.533871607142857,7,-0.50168232,7,"Tanzania"
"834009004",0.495499820380439,4005,0.293994775,2,0.782858325,2,"Tanzania"
"834010001",-0.358039770048441,6737,-0.7129217125,4,-0.616425175,4,"Tanzania"
"834010002",-0.306839847286583,9677,-0.384693268,5,-0.719654836,5,"Tanzania"
"834010003",-0.181981268018663,12090,-0.29669586625,8,-0.478440872,8,"Tanzania"
"834010004",0.624589607376929,4151,-0.0949517433333333,3,0.2218859,3,"Tanzania"
"834011001",-0.229586535371005,14799,-0.356973110909091,11,-0.380327816363636,11,"Tanzania"
"834011002",-0.0474712782408234,11582,-0.273362317814286,7,-0.386335904285714,7,"Tanzania"
"834011003",1.15021606469316,3815,0.698139035,2,0.444314835,2,"Tanzania"
"834011004",0.0802576416147391,15461,-0.133398523846154,13,-0.373681560284615,13,"Tanzania"
"834011005",-0.125643378263083,3665,-0.36756671,4,-0.6715372175,4,"Tanzania"
"834011006",-0.23940948732498,4482,-0.2873611925,4,-0.49849405,4,"Tanzania"
"834012001",-0.240208208203141,5855,-0.6483194,1,-0.6649161,1,"Tanzania"
"834012002",-0.178370297910442,16962,-0.431606163333333,6,-0.57210999,6,"Tanzania"
"834012003",0.0203613865803021,6223,0.07482483,2,-0.07257682,2,"Tanzania"
"834012004",-0.103161845351581,7848,-0.6456031,1,-0.8493909,1,"Tanzania"
"834012005",-0.329124818542618,3059,-0.59687775,1,-0.5566614,1,"Tanzania"
"834012006",-0.21287092336062,11644,-0.426352722,5,-0.374330946,5,"Tanzania"
"834012007",0.91980226224878,6183,0.41999518,3,0.679473936666667,3,"Tanzania"
"834013001",-0.369626195441428,10780,-0.268645445714286,7,-0.467717563571429,7,"Tanzania"
"834013002",-0.465088657137136,13080,-0.707502111428571,7,-0.523808885714286,7,"Tanzania"
"834013003",-0.370221825035974,9129,-0.4441588975,4,-0.371083125,4,"Tanzania"
"834013004",0.47451211565988,4255,-0.07920895,2,-0.00336383499999998,2,"Tanzania"
"834014001",-0.424097909262936,4993,-0.392360445,6,-0.375447073333333,6,"Tanzania"
"834014002",-0.433995455652465,5623,-0.50867396,2,-0.51106894,2,"Tanzania"
"834014003",-0.490946278738339,10104,-0.393830264,5,-0.536437958,5,"Tanzania"
"834014004",-0.456237382524013,9456,-0.366683673383333,6,-0.562588123333333,6,"Tanzania"
"834014005",0.701880418754648,3229,-0.390607956666667,3,0.10443392,3,"Tanzania"
"834015001",-0.477855811949296,10905,-0.695271621818182,11,-0.588491457272727,11,"Tanzania"
"834015002",-0.432917224014042,5264,-0.569058588,5,-0.61293256,5,"Tanzania"
"834015003",0.23368890371239,4641,-0.00210139000000001,4,-0.02523753,4,"Tanzania"
"834015004",-0.317238001017289,11443,-0.549649791764706,17,-0.493691658235294,17,"Tanzania"
"834016001",-0.433672671823926,8852,-0.673306774,5,-0.673147852,5,"Tanzania"
"834016002",-0.320447109163668,12364,-0.39494408,5,-0.506360096,5,"Tanzania"
"834016003",-0.408043506232961,9522,-0.538913841666667,6,-0.350256925,6,"Tanzania"
"834016004",0.465926720593304,2551,0.8456142,1,0.6374853,1,"Tanzania"
"834019001",0.668747680587116,4759,-0.133864066666667,3,0.0525847666666667,3,"Tanzania"
"834019002",-0.427792396993066,12806,-0.679537765,6,-0.541984493333333,6,"Tanzania"
"834019003",-0.263825389248799,24554,-0.425608431666667,15,-0.496006826,15,"Tanzania"
"834019004",-0.389091383563342,9370,-0.44143472,7,-0.552794879285714,7,"Tanzania"
"834019005",-0.344476985207451,9580,-0.4993586775,4,-0.667157705,4,"Tanzania"
"834019006",-0.384126921018336,5175,-0.5155834775,4,-0.5999831725,4,"Tanzania"
"834019007",-0.407126483520022,8951,-0.415555264,4,-0.6206396025,4,"Tanzania"
"834019008",-0.370048258132513,5701,-0.31212726,3,-0.546346943333333,3,"Tanzania"
"834019009",0.854585887824763,2056,NA,NA,NA,NA,"Tanzania"
"834019010",-0.317648867638005,8232,-0.53672129,2,-0.62295575,2,"Tanzania"
"834019011",0.505679678254771,16142,0.753216261666667,6,0.607764066666667,6,"Tanzania"
"834019012",-0.374017898336646,16520,-0.469493083333333,6,-0.465547488333333,6,"Tanzania"
"834019013",-0.284224795027312,9289,-0.4574899275,4,-0.644649485,4,"Tanzania"
"834019014",0.571031700174251,12391,-0.499382285,2,-0.655655445,2,"Tanzania"
"834019015",-0.495292600804556,13960,-0.727521567,10,-0.649533834,10,"Tanzania"
"834019016",-0.453632533225376,6339,-0.5202864,3,-0.375658393333333,3,"Tanzania"
"834019017",-0.434760869764368,7076,-0.566881648,5,-0.419374574,5,"Tanzania"
"834019018",-0.290920536671964,11723,-0.460253811111111,9,-0.578381965555556,9,"Tanzania"
"834020001",-0.368428971072955,15186,-0.500332278888889,9,-0.568132168888889,9,"Tanzania"
"834020002",-0.441026202254021,4782,-0.6967145,2,-0.632274465,2,"Tanzania"
"834020003",-0.439722132485215,9166,-0.508871213333333,3,-0.650070276666667,3,"Tanzania"
"834020004",-0.29951238500248,8255,-0.16980437,3,-0.20419701,3,"Tanzania"
"834020005",0.935075568692757,3820,0.9159667,2,0.777502415,2,"Tanzania"
"834051001",0.0860011634963104,2266,-0.116143785555556,9,-0.00599117677777778,9,"Tanzania"
"834051002",0.164483936303898,1505,0.0695470485,6,-0.178477344333333,6,"Tanzania"
"834052001",0.26707711411909,2672,0.38739839115,10,-0.15643824,10,"Tanzania"
"834052002",0.507296091137821,1527,0.429509678,5,-0.214830528,5,"Tanzania"
"834053001",1.27600356910595,4768,0.98699960875,8,0.6895005625,8,"Tanzania"
"834053002",1.65452364820823,5281,1.39343607142857,7,1.22202241428571,7,"Tanzania"
"834054001",0.327346696213636,3572,0.2575293327,8,-0.03370181875,8,"Tanzania"
"834054002",-0.325320670978475,3022,-0.182381669428571,7,-0.18649016,7,"Tanzania"
"834055001",0.760835436612145,2732,0.3261965575,8,-0.0403033145,8,"Tanzania"
"834055002",-0.00296001176771672,3289,-0.0836400386714286,7,-0.271334493714286,7,"Tanzania"
"834888888",NA,NA,-0.632469105,2,-0.692008875,2,"Tanzania"
"888888888",NA,NA,-0.556709,2,-0.51710963,2,"Malawi"
"888888888",NA,NA,-0.556709,2,-0.51710963,2,"Mozambique"
"894001001",0.105332490834344,16717,0.276088425918367,49,0.269626596530612,49,"Zambia"
"894001002",-0.265911627526474,3886,0.00331015177777779,9,-0.250764314444444,9,"Zambia"
"894001003",-0.367918053388973,2892,-0.241909575,8,-0.12185217825,8,"Zambia"
"894002001",1.32012144813059,1748,0.78065608,3,0.57629798,3,"Zambia"
"894002002",1.24567121379445,3936,1.05171267285714,7,0.656580448571429,7,"Zambia"
"894002003",0.830324539223479,1889,0.3416966375,4,0.649134855,4,"Zambia"
"894002004",1.31362391582269,9616,1.2544476792,15,1.01490184293333,15,"Zambia"
"894002005",1.14927943272247,2906,0.508706681833333,6,0.516751441666667,6,"Zambia"
"894002006",-0.354585527838898,5341,-0.13020169005,20,-0.1483927452,20,"Zambia"
"894002007",1.29339979904933,3015,0.8195375046,5,0.86660189,5,"Zambia"
"894002008",1.15164626501434,8540,1.400157004,10,1.118313126,10,"Zambia"
"894003001",-0.563475188734755,1993,-0.342249116666667,6,-0.286589291666667,6,"Zambia"
"894003002",-0.19977006006394,10134,0.314343085933333,30,0.391116708666667,30,"Zambia"
"894003003",-0.488291097522885,4667,-0.1113345975,12,-0.0957251616666667,12,"Zambia"
"894003004",-0.57832358106296,6173,-0.265912761764706,17,-0.109947582941176,17,"Zambia"
"894003005",-0.512884190860827,7509,-0.2136104951,20,-0.2749289053,20,"Zambia"
"894003006",-0.567490732738629,1944,-0.345844548888889,9,-0.273003426666667,9,"Zambia"
"894003007",-0.445884258817754,2882,-0.131617689166667,12,-0.210231020833333,12,"Zambia"
"894003008",-0.323440868139273,5054,-0.0264852840769231,26,0.132649599384615,26,"Zambia"
"894003009",-0.280258360715716,3986,-0.0733742663157895,19,0.00106039105263158,19,"Zambia"
"894003010",-0.624036837715837,1667,-0.629721868,5,-0.3662777,5,"Zambia"
"894003011",-0.531742557708123,2374,-0.662786605714286,7,-0.412142664285714,7,"Zambia"
"894003012",-0.23387331013081,7681,0.0337071596206897,29,0.189409089086207,29,"Zambia"
"894003013",-0.474555501755229,2440,-0.585599025,6,-0.315431101666667,6,"Zambia"
"894003014",-0.380867568218422,5947,-0.275561271428571,21,-0.0196453814285714,21,"Zambia"
"894003015",-0.420303756448589,1950,-0.495906930671429,7,-0.282306282857143,7,"Zambia"
"894004001",-0.487249338139848,5488,-0.3974170869,20,-0.2281145185,20,"Zambia"
"894004002",-0.359345354483947,2512,-0.168019271,10,-0.490962572,10,"Zambia"
"894004003",-0.25946459643535,5081,-0.121132939473684,19,-0.193340363684211,19,"Zambia"
"894004004",-0.450456057436499,2387,-0.511197787777778,9,-0.314313262777778,9,"Zambia"
"894004005",-0.55099992015913,4012,-0.289853654375,16,-0.326324705625,16,"Zambia"
"894005001",0.518118033125312,8013,0.557771290346154,26,0.230647806153846,26,"Zambia"
"894005002",-0.328503427641656,458,-0.49553445,2,-0.44050804,2,"Zambia"
"894005003",1.42550178580111,35756,1.37189089,46,1.54871727173913,46,"Zambia"
"894008001",-0.515237440412038,2169,-0.514964211,10,-0.3115335797,10,"Zambia"
"894008002",-0.467742806044267,2395,-0.326005732461538,13,-0.490270956715385,13,"Zambia"
"894008003",-0.436414248633045,1645,-0.378057136807778,9,-0.335911556333333,9,"Zambia"
"894008004",-0.366042847121916,1180,-0.138607456,5,-0.270661656,5,"Zambia"
"894008005",-0.481755596852197,1014,-0.431838036,5,-0.424036832,5,"Zambia"
"894008006",0.00453169971546201,4650,0.41309437862963,27,0.495553916296296,27,"Zambia"
"894009001",-0.0487537395855812,4448,-0.0824183169090909,11,0.194225450909091,11,"Zambia"
"894009002",-0.637035124883292,981,-0.672668525,2,-0.34408652,2,"Zambia"
"894009003",-0.516155167008135,2862,-0.314542365,6,-0.243687608333333,6,"Zambia"
"894009004",-0.509746214369291,6461,-0.357841391428571,14,-0.28648381,14,"Zambia"
"894009005",1.34962445965938,3049,1.610931048,10,1.23556393,10,"Zambia"
"894009006",0.292900527458109,4325,0.402305017272727,11,0.107730029363636,11,"Zambia"
"894009007",-0.144471216300531,3278,-0.0113319455555555,9,0.0133055233333333,9,"Zambia"
"894009008",-0.161004939418377,1765,0.19481651,5,0.33212575,5,"Zambia"
"894009009",-0.456659798815554,1973,-0.18738328,4,-0.0706262775,4,"Zambia"
"894010001",-0.796242203660272,2643,-0.568504938888889,9,-0.42379527,9,"Zambia"
"894010002",-0.467865761928717,3619,-0.19536020125,12,-0.100705193833333,12,"Zambia"
"894010003",-0.671604708785388,1663,-0.1975923,6,-0.346934635,6,"Zambia"
"894010004",-0.251115050630569,3646,0.175164393705882,17,0.0396601214117647,17,"Zambia"
"894010005",-0.753920703087305,4411,-0.507891716666667,15,-0.33628977,15,"Zambia"
"894010006",-0.530422861100018,2034,-0.235643866666667,9,0.0309614058888889,9,"Zambia"
