"r2_train","r2_test","r2_true","jitter_num","jitter"
0.778534532381318,0.678723025817996,0.678723025817996,1,2.50162140529888
0.774004606431216,0.673506419541654,0.672334755479255,1,2.57319434688677
0.772433182089201,0.672671707809765,0.67576835081911,10,2.57319434688677
0.777965479817161,0.667905431787996,0.664143841732304,12,2.57319434688677
0.774254979237329,0.680044219876592,0.683183619266277,13,2.57319434688677
0.779735969633617,0.693104196013837,0.688778818669976,14,2.57319434688677
0.777751502523292,0.678915691147739,0.679448204755742,11,2.57319434688677
0.776977746326141,0.669986768536651,0.671343542690153,16,2.57319434688677
0.78194841646525,0.67815312806648,0.679393242183954,17,2.57319434688677
0.777956016593882,0.674096268160211,0.683070551531218,18,2.57319434688677
0.778406151847973,0.689518384053757,0.688390000082049,19,2.57319434688677
0.774871247301699,0.685818567078159,0.683589896938105,2,2.57319434688677
0.778857607307906,0.681398736640368,0.67978018863943,20,2.57319434688677
0.775606722895265,0.679352267893149,0.687454295886314,21,2.57319434688677
0.774482069325899,0.671021044080471,0.678064036728276,22,2.57319434688677
0.774968039193141,0.672614252831477,0.672619445613122,23,2.57319434688677
0.776736139349913,0.680927884139323,0.68344752174814,24,2.57319434688677
0.774037905696937,0.673077724917821,0.678387798775701,25,2.57319434688677
0.777829872037638,0.664615864701343,0.662146403623655,26,2.57319434688677
0.781447175416168,0.678388276166997,0.67672090034116,15,2.57319434688677
0.776108877458097,0.663687796681204,0.669857044109138,28,2.57319434688677
0.776354052673804,0.680634992594783,0.685813636456686,29,2.57319434688677
0.777383340908465,0.680458921408777,0.677100087508196,3,2.57319434688677
0.776863963146839,0.681458049124655,0.686952357687488,30,2.57319434688677
0.772275286972105,0.687152872438016,0.690510910657188,31,2.57319434688677
0.775212074819801,0.683226227936682,0.680516489585131,32,2.57319434688677
0.777898692233913,0.678085530870226,0.671988598284565,33,2.57319434688677
0.775499890668656,0.679232049643144,0.676719603584105,34,2.57319434688677
0.778621039326003,0.689795746477923,0.694199428776006,35,2.57319434688677
0.772140367991907,0.681090218734029,0.681938645302714,36,2.57319434688677
0.768681838119835,0.671181584632903,0.679317766507515,37,2.57319434688677
0.777552168621208,0.676403898507864,0.674877702027394,38,2.57319434688677
0.773626834033433,0.682844219303524,0.684010686360045,27,2.57319434688677
0.775260681867008,0.683987441386886,0.684956586846986,4,2.57319434688677
0.773666594839253,0.672470360725816,0.675378180808558,40,2.57319434688677
0.779399712747782,0.672583021649115,0.682611682014794,41,2.57319434688677
0.776711343073809,0.678059755640393,0.67994110134111,42,2.57319434688677
0.774587597240352,0.684129491887572,0.681886108040867,43,2.57319434688677
0.775881215494047,0.654785364822899,0.657795993695968,44,2.57319434688677
0.773645185484119,0.665056144823216,0.670777526414299,45,2.57319434688677
0.77709182219426,0.675597270844409,0.678425818695141,46,2.57319434688677
0.777695462742448,0.682820050200925,0.68710133711724,47,2.57319434688677
0.773241648586908,0.683118660182315,0.686667652802424,48,2.57319434688677
0.774738274752821,0.671497888099877,0.680642055075713,49,2.57319434688677
0.771479775183021,0.681714043583316,0.678029154394891,5,2.57319434688677
0.776005388512484,0.67625395811203,0.68454523603235,50,2.57319434688677
0.778581456431345,0.679820805405007,0.678555238618714,6,2.57319434688677
0.773298501240736,0.669746135472618,0.668116755173572,7,2.57319434688677
0.77126653696721,0.671366143834691,0.673399658597296,8,2.57319434688677
0.776250009136246,0.670936352721378,0.669848928472946,9,2.57319434688677
0.780749930592904,0.673583663380534,0.67151371250245,39,2.57319434688677
0.773145068881064,0.689105030230573,0.682378650935636,1,2.74434263376475
0.772187711971789,0.655979423226713,0.665780773129684,10,2.74434263376475
0.774305840462438,0.675852231944667,0.677436478110074,11,2.74434263376475
0.776369379371003,0.682235397737395,0.688906904453284,13,2.74434263376475
0.775961586113732,0.684009424561833,0.68912433656106,14,2.74434263376475
0.775111518680406,0.677184189297661,0.677521869646051,15,2.74434263376475
0.770406221176015,0.658985704931092,0.658975556464816,12,2.74434263376475
0.772398516646809,0.672367112411937,0.683448650405049,17,2.74434263376475
0.771552322032775,0.660206199035362,0.665275523853636,18,2.74434263376475
0.774517014731749,0.681615286841193,0.687169020524873,19,2.74434263376475
0.773674362623151,0.685117302266786,0.691168661560601,2,2.74434263376475
0.775071813327254,0.674035952552983,0.674218852793386,20,2.74434263376475
0.771636259245802,0.677135087890347,0.675978374900732,21,2.74434263376475
0.773593298180395,0.680464636327728,0.686142025626786,22,2.74434263376475
0.772167911454631,0.667317913920191,0.66555807600817,23,2.74434263376475
0.773669092315541,0.66261724500337,0.66609552774852,24,2.74434263376475
0.772374299434862,0.653725746634599,0.660609588522756,25,2.74434263376475
0.773986065614678,0.687675746563304,0.679979563011095,26,2.74434263376475
0.77304460549671,0.669983229611757,0.670199385615624,27,2.74434263376475
0.776102852670207,0.66977836074438,0.671053806973244,28,2.74434263376475
0.774317430117773,0.668279203627092,0.672285409463685,29,2.74434263376475
0.77779026099879,0.677475501878084,0.676865781870182,3,2.74434263376475
0.769855370610719,0.672824558154698,0.680036330853458,30,2.74434263376475
0.770927097494757,0.677280861140619,0.685961171543256,31,2.74434263376475
0.773157142361923,0.68191959531822,0.683330439360545,32,2.74434263376475
0.775730590296618,0.678274206032316,0.680280811885831,33,2.74434263376475
0.77365241396422,0.683793029815111,0.694924613952612,34,2.74434263376475
0.771218646907711,0.684330115096773,0.683809241637773,35,2.74434263376475
0.775241602548697,0.684826466436953,0.688145267727768,36,2.74434263376475
0.771359227359143,0.682609138509294,0.68552036292349,37,2.74434263376475
0.777463658401053,0.678337099776647,0.677670561768205,38,2.74434263376475
0.773736507995385,0.678136040759697,0.678516131837456,39,2.74434263376475
0.773975781051438,0.67480408871252,0.681782021499042,4,2.74434263376475
0.770406837840581,0.673604505637112,0.678136375775934,40,2.74434263376475
0.77036708734422,0.655543883881448,0.663434749547523,41,2.74434263376475
0.771222009402463,0.674948220929451,0.673008488560336,42,2.74434263376475
0.77668660140226,0.670810549829722,0.676002681776549,43,2.74434263376475
0.77795438957006,0.672836369718755,0.671112103380321,44,2.74434263376475
0.767155672855645,0.651086668405043,0.65949399175273,45,2.74434263376475
0.77357167955522,0.693608907241202,0.689443473553312,46,2.74434263376475
0.768511884954162,0.67035169422647,0.675633146473673,47,2.74434263376475
0.770916649773998,0.680366655543098,0.68642372392951,48,2.74434263376475
0.772873915560393,0.666155599203537,0.670375447569781,49,2.74434263376475
0.770414356830056,0.671532229297894,0.677385126487988,5,2.74434263376475
0.773313882436308,0.683615231163757,0.691877730336068,50,2.74434263376475
0.773036857610379,0.667615355601904,0.669069564959316,6,2.74434263376475
0.777409806899313,0.669122596496769,0.669796391944347,16,2.74434263376475
0.76905722525963,0.672870816172048,0.678667926761503,8,2.74434263376475
0.774932329600505,0.669382275428413,0.671775371593862,9,2.74434263376475
0.770023124426453,0.667249111379744,0.666837302104804,7,2.74434263376475
0.774544750388416,0.680538234659205,0.677302734482562,1,2.98421554569411
0.76619342203013,0.660306940231255,0.662753189312122,10,2.98421554569411
0.771284476416609,0.669474685241522,0.673190565937966,12,2.98421554569411
0.769872407899726,0.677735207670365,0.685250415578685,13,2.98421554569411
0.774666566347988,0.675371936173237,0.681282290093683,14,2.98421554569411
0.775931402097292,0.672623120581576,0.673582111118065,15,2.98421554569411
0.773143289483971,0.664678535363773,0.668284535153327,16,2.98421554569411
0.768998156780942,0.673375915325998,0.68100092594849,17,2.98421554569411
0.766688624747853,0.664089766299744,0.662972771825759,18,2.98421554569411
0.766526057413669,0.673655712509365,0.690183967778709,19,2.98421554569411
0.769304586568269,0.666714400787401,0.672202387748359,2,2.98421554569411
0.773688525402819,0.678731697337066,0.680265870455968,20,2.98421554569411
0.770427707412017,0.658778104780405,0.669255688690993,21,2.98421554569411
0.770093962742844,0.660374092375573,0.671396582520007,22,2.98421554569411
0.767670316219225,0.677537826549763,0.688544723697343,11,2.98421554569411
0.766509264149473,0.660581661645224,0.668581269048748,24,2.98421554569411
0.770545691771342,0.64983845903367,0.655600520486512,25,2.98421554569411
0.769226858283262,0.669530596936956,0.67380279586783,26,2.98421554569411
0.770274266607557,0.661517265714049,0.667853465044758,27,2.98421554569411
0.770906212346093,0.67032332580113,0.680326574712756,28,2.98421554569411
0.775004811941893,0.66916122109674,0.672638781959844,29,2.98421554569411
0.77364824503186,0.685572432208368,0.695338152505096,3,2.98421554569411
0.765899572945272,0.656954247186543,0.667507354306092,30,2.98421554569411
0.770740903535734,0.676371094192316,0.683041815277952,31,2.98421554569411
0.773713504397047,0.678327880261715,0.676007479325865,32,2.98421554569411
0.773190355407315,0.672030839151227,0.677130205487163,33,2.98421554569411
0.771694759536696,0.678938725383379,0.683364979050494,34,2.98421554569411
0.771353282979923,0.678030349538572,0.679411515164862,23,2.98421554569411
0.780344012847072,0.654948096947969,0.652504181430639,36,2.98421554569411
0.769199007921084,0.68395211652544,0.690397310048492,37,2.98421554569411
0.770132252295993,0.659827923541885,0.671717447598434,38,2.98421554569411
0.772115620314916,0.660035423675048,0.669295771122014,39,2.98421554569411
0.774480118374563,0.667695668080357,0.676268146283694,4,2.98421554569411
0.773917181180334,0.683229148558106,0.683139556748667,40,2.98421554569411
0.767924923075292,0.660677339912461,0.665729924096711,41,2.98421554569411
0.770201818474711,0.662073174330967,0.662756957486406,42,2.98421554569411
0.770729320321111,0.671547154571665,0.682355016057754,43,2.98421554569411
0.771341825480946,0.675984304358406,0.674302567176049,44,2.98421554569411
0.765670786804985,0.671936795536077,0.676525655957107,45,2.98421554569411
0.772428452827842,0.670514438705615,0.66786620862648,46,2.98421554569411
0.759175376957095,0.647634228361065,0.665162983977418,47,2.98421554569411
0.770124786877012,0.668302648705612,0.676263500206565,48,2.98421554569411
0.764396252435768,0.665542935584695,0.668528897364759,49,2.98421554569411
0.772482119002933,0.670505732003103,0.671563915573521,5,2.98421554569411
0.766525139935693,0.681262542108593,0.689800737722816,50,2.98421554569411
0.772782221808142,0.66787989134691,0.674957537122749,6,2.98421554569411
0.763953963369475,0.674220223199729,0.680627617957114,7,2.98421554569411
0.765353586454675,0.665962955154832,0.675357485391878,8,2.98421554569411
0.770320572786435,0.670352571938293,0.677929458767998,9,2.98421554569411
0.772906802175021,0.682349616131997,0.686305663460223,35,2.98421554569411
0.763447304764877,0.654894370133098,0.65788396892697,1,3.28173146553804
0.762641781033994,0.6552329262458,0.664084258423078,11,3.28173146553804
0.766202956131929,0.639967400017102,0.659814354281326,12,3.28173146553804
0.765377180917145,0.683301427482991,0.680172356095477,13,3.28173146553804
0.760904451408324,0.654318686378838,0.660552909457051,10,3.28173146553804
0.772892190521084,0.687385764896561,0.693689303500379,15,3.28173146553804
0.77043486947144,0.664238677721306,0.664249477401661,16,3.28173146553804
0.762837060353467,0.652618211169713,0.656762568900686,17,3.28173146553804
0.762015773683929,0.65523746655975,0.659302711088525,18,3.28173146553804
0.765346015738627,0.674054058090606,0.682454714094618,19,3.28173146553804
0.767428370304927,0.672178881975387,0.688289831154191,2,3.28173146553804
0.769024768226204,0.666327928492212,0.67784857832136,20,3.28173146553804
0.765336839246273,0.654639986239973,0.668215832224463,21,3.28173146553804
0.762324010787988,0.644175855168709,0.651886984341732,22,3.28173146553804
0.762328890559581,0.669324195382276,0.666150872198527,23,3.28173146553804
0.762435221934859,0.657496268700778,0.662538114954592,24,3.28173146553804
0.763054472757256,0.66720562162298,0.666622334533238,25,3.28173146553804
0.770624552348977,0.645897903341584,0.663129108153304,14,3.28173146553804
0.76456316422043,0.66601794092291,0.662354197201199,27,3.28173146553804
0.762764022217761,0.664269577322711,0.676191114179497,28,3.28173146553804
0.769759958657337,0.66619510084623,0.67114636030695,29,3.28173146553804
0.766101407630753,0.667903739807799,0.682063047605378,3,3.28173146553804
0.762153047521638,0.645948946203684,0.654272535103776,30,3.28173146553804
0.763290845645706,0.657388027346013,0.667751295360316,31,3.28173146553804
0.765742193739191,0.675331514169485,0.679384263441365,32,3.28173146553804
0.761777222299732,0.652690419772561,0.660643578530462,33,3.28173146553804
0.762624446271665,0.672144127349692,0.677878619034963,34,3.28173146553804
0.764147111973186,0.681936233373235,0.690849456198162,35,3.28173146553804
0.772751089630819,0.667817028026837,0.669080997538457,36,3.28173146553804
0.765262136410103,0.654300448854673,0.669985951569128,37,3.28173146553804
0.762975972156196,0.669636191955106,0.673259448567855,38,3.28173146553804
0.765020851684525,0.650962198733897,0.671407718261116,39,3.28173146553804
0.762290886255909,0.670700184796432,0.678132170852686,4,3.28173146553804
0.767751514174176,0.663861226933404,0.677700549530401,40,3.28173146553804
0.7647763147044,0.670858654140524,0.681455629583559,41,3.28173146553804
0.771090143334298,0.683000581788685,0.672492006212179,42,3.28173146553804
0.768142984255261,0.673232923529588,0.68551834487033,43,3.28173146553804
0.765838591420261,0.673537233590597,0.678757917571611,44,3.28173146553804
0.765061992719774,0.66035478621301,0.672044264120269,45,3.28173146553804
0.766591256927114,0.670216189991995,0.672928223219021,46,3.28173146553804
0.763118136047607,0.649098762884633,0.674610667088278,47,3.28173146553804
0.762312880283444,0.659712471185458,0.677190535245677,48,3.28173146553804
0.757882453101741,0.659049736782039,0.670351200683912,49,3.28173146553804
0.766702647972279,0.662304589380206,0.666884664316848,5,3.28173146553804
0.765198400314504,0.671020858307787,0.688061022466595,50,3.28173146553804
0.770863578781469,0.651875257148867,0.671789084057781,6,3.28173146553804
0.758279405876049,0.645981766010105,0.659379929188928,7,3.28173146553804
0.758063321134192,0.652147060486317,0.652336255828774,8,3.28173146553804
0.765266929914968,0.668534073668567,0.671250817941213,9,3.28173146553804
0.760457587443043,0.664946984051205,0.669269006717832,26,3.28173146553804
0.754463022933195,0.642358953774512,0.653935129409224,10,3.62708404833063
0.758669491129051,0.644313825829595,0.655451597227402,11,3.62708404833063
0.761122340868813,0.655770880234493,0.67240512613574,12,3.62708404833063
0.755861944067569,0.660126496923704,0.673326297687803,1,3.62708404833063
0.767965237346755,0.645137302625076,0.66619183015487,14,3.62708404833063
0.763086636530454,0.6762959710402,0.688342068328643,15,3.62708404833063
0.762616892572349,0.649664589711267,0.662970085793045,16,3.62708404833063
0.758970186354155,0.669885435634543,0.674134290516369,13,3.62708404833063
0.759558443275903,0.66148896704658,0.665353911816701,18,3.62708404833063
0.759114486817477,0.656948520149084,0.67881191774374,19,3.62708404833063
0.759361415858045,0.655632892489713,0.665841822005052,2,3.62708404833063
0.764557241763866,0.646436902496627,0.665222772666498,20,3.62708404833063
0.75929951792866,0.659098217954941,0.670216516337565,21,3.62708404833063
0.757974845888211,0.644428182266392,0.656571747700565,22,3.62708404833063
0.756348089586138,0.652916946635379,0.657109943562312,23,3.62708404833063
0.756296909124001,0.648593364043775,0.656428253072896,24,3.62708404833063
0.756424701339472,0.659427263601166,0.657709783223932,25,3.62708404833063
0.760496662222696,0.666451301403594,0.667367046087713,26,3.62708404833063
0.757314161508902,0.65456373498786,0.659688133515627,27,3.62708404833063
0.762542559434674,0.667514210601233,0.680340442891298,28,3.62708404833063
0.759115830753925,0.648917082052253,0.668663464498176,29,3.62708404833063
0.757650985465976,0.673047774736525,0.693451232681401,3,3.62708404833063
0.757460144383213,0.658093529431462,0.670254164213586,30,3.62708404833063
0.757440940210948,0.647190685791434,0.649010802454552,31,3.62708404833063
0.758854285199746,0.685383223036283,0.686400713630495,32,3.62708404833063
0.758450009618113,0.656598399629395,0.672666094680173,33,3.62708404833063
0.758520215277583,0.672195953553319,0.679410223564196,34,3.62708404833063
0.748311449415507,0.664603391687436,0.667869392472773,35,3.62708404833063
0.766403225192819,0.684154873303553,0.695355971306866,36,3.62708404833063
0.757569363030072,0.655526232333776,0.673537315923297,37,3.62708404833063
0.760209719220365,0.659932859329546,0.682762292044469,38,3.62708404833063
0.761403978886774,0.653217913154979,0.659774701152955,39,3.62708404833063
0.759011946588878,0.66273421635768,0.679779744861562,4,3.62708404833063
0.757206488641988,0.66788033242478,0.686006223468625,40,3.62708404833063
0.75804185561976,0.655111049596976,0.663916118260053,41,3.62708404833063
0.76523195274191,0.677588883834259,0.677594541805972,42,3.62708404833063
0.76320389779042,0.665087696731171,0.680482638439309,43,3.62708404833063
0.752752955935034,0.669576170817207,0.672134594024081,44,3.62708404833063
0.756117327671475,0.64440100593914,0.660257199760372,45,3.62708404833063
0.761754888040267,0.669126470854018,0.675721399667023,46,3.62708404833063
0.758569304069849,0.651666865641509,0.661854420108998,47,3.62708404833063
0.757680390095268,0.661498402611391,0.678190675612525,48,3.62708404833063
0.752555161561694,0.643718188238076,0.660265809538902,49,3.62708404833063
0.758631895916989,0.659956077307323,0.656885300527903,5,3.62708404833063
0.756974260833085,0.657744533941965,0.678668648626578,50,3.62708404833063
0.765764341103322,0.636627484524734,0.666374675439887,6,3.62708404833063
0.759540489624372,0.666819645839971,0.665410842881972,7,3.62708404833063
0.752803929533957,0.643676404106784,0.653705337575817,8,3.62708404833063
0.763119293502249,0.668734558691043,0.673617872745158,9,3.62708404833063
0.754345581237033,0.660411904580433,0.678094529737154,17,3.62708404833063
0.74683018867856,0.64881228299422,0.661494381594634,10,3.99970593426483
0.748316110116599,0.637959185412332,0.650410570779853,11,3.99970593426483
0.758132680747839,0.640392664701937,0.66426293362222,12,3.99970593426483
0.75614974479295,0.65997210942285,0.674152834285416,13,3.99970593426483
0.764137776866729,0.654580580539043,0.667199771711257,14,3.99970593426483
0.755457330018474,0.659027976982244,0.669384854168441,15,3.99970593426483
0.761404402083043,0.649630815676814,0.640125447326641,16,3.99970593426483
0.751604011554288,0.654169408251423,0.684106357172351,17,3.99970593426483
0.752156615349957,0.65756301311197,0.665849056089883,18,3.99970593426483
0.75125532441425,0.639462521060592,0.659000157171604,19,3.99970593426483
0.752162831624855,0.662589816476809,0.673027856579386,2,3.99970593426483
0.75214828217372,0.645779176065231,0.655968650265408,20,3.99970593426483
0.751423188598018,0.658890619159889,0.677558814950765,1,3.99970593426483
0.749941498129033,0.636716531465281,0.655330123750746,22,3.99970593426483
0.750033276340184,0.642971841457863,0.656357830142326,23,3.99970593426483
0.748024167761853,0.662296530128204,0.658865473155088,24,3.99970593426483
0.743988811219314,0.652996560764231,0.670563125118357,25,3.99970593426483
0.754088272817438,0.665258070182617,0.676715992716177,26,3.99970593426483
0.747003068899376,0.654710922952191,0.658360465671638,27,3.99970593426483
0.754716438075396,0.666671239269431,0.677377523043224,28,3.99970593426483
0.752788798865398,0.656144110067451,0.678130503162651,29,3.99970593426483
0.752510996710221,0.65893886003927,0.66981854188045,3,3.99970593426483
0.746918195122801,0.643634689306887,0.663629098166009,30,3.99970593426483
0.750698519212209,0.645272582471229,0.654741477755614,31,3.99970593426483
0.752319972946852,0.657779402225277,0.677242060258216,32,3.99970593426483
0.753463672237317,0.649824093051847,0.664221479664634,21,3.99970593426483
0.752022114515318,0.635127999638126,0.656555140745181,34,3.99970593426483
0.750094664045672,0.666602812208062,0.676481287118045,35,3.99970593426483
0.758982605091948,0.662528322459464,0.680828933716888,36,3.99970593426483
0.750643237372964,0.654233013008921,0.673114821263429,37,3.99970593426483
0.749800058481209,0.654940778615532,0.687838743158133,38,3.99970593426483
0.751926151571543,0.635637564396208,0.654929543536501,39,3.99970593426483
0.756792464834463,0.663905807454197,0.687812030400603,4,3.99970593426483
0.750785319585314,0.663961969450337,0.689394054578988,40,3.99970593426483
0.752442871454527,0.669900063477509,0.6817592178558,41,3.99970593426483
0.754361809748054,0.66189517523952,0.675246275996668,42,3.99970593426483
0.755440405883704,0.661714220579197,0.683664187615458,43,3.99970593426483
0.75356602976895,0.644259150592443,0.650830718305378,44,3.99970593426483
0.745242215695643,0.654432262860528,0.666220925781551,33,3.99970593426483
0.758976070411029,0.676196377592174,0.683005184442901,46,3.99970593426483
0.747559153827726,0.653281801268217,0.667937797797494,47,3.99970593426483
0.751269124166161,0.647435397598477,0.676496783594699,48,3.99970593426483
0.74211103749768,0.649547037032324,0.669687355262401,49,3.99970593426483
0.746638212833047,0.668209825314109,0.679501577004807,5,3.99970593426483
0.746956971846243,0.657957566299713,0.678842266914027,50,3.99970593426483
0.758697459603921,0.628192186565981,0.663418034527412,6,3.99970593426483
0.747882699291869,0.646926501443585,0.658275293292699,7,3.99970593426483
0.746206057604278,0.62773596657224,0.649726388882623,8,3.99970593426483
0.755640703510879,0.670015551520336,0.682217176020202,9,3.99970593426483
0.750127167999775,0.627143254390792,0.647062047145483,45,3.99970593426483
0.744664976202653,0.655152604834094,0.671122776264937,1,4.4059321942636
0.739617499486559,0.624743780870137,0.653118044337374,10,4.4059321942636
0.745726357232809,0.648938285162272,0.671771213914074,11,4.4059321942636
0.747567027307288,0.650759901941528,0.675345243831537,13,4.4059321942636
0.750840704680915,0.654288461451965,0.665328769505683,14,4.4059321942636
0.747684367321789,0.646592298989692,0.683702019436,15,4.4059321942636
0.752491041521748,0.67047931797288,0.680725723080426,16,4.4059321942636
0.733193430033695,0.632421677660307,0.667113946725124,17,4.4059321942636
0.743330561604601,0.642364386152384,0.652613593624515,18,4.4059321942636
0.746553143951572,0.63469867482233,0.654883145958404,19,4.4059321942636
0.751525541820186,0.65734977962229,0.675781256746806,2,4.4059321942636
0.74770185301781,0.649322758047024,0.654784977421577,20,4.4059321942636
0.743575851433386,0.653882693693576,0.663622425386354,21,4.4059321942636
0.742450845559153,0.619916349255666,0.657218775813279,22,4.4059321942636
0.744822133568409,0.647995829762101,0.663425915436453,23,4.4059321942636
0.745118986029031,0.627839987583594,0.666633446743745,12,4.4059321942636
0.737068436031988,0.649768534611884,0.682797056551699,25,4.4059321942636
0.747840108090543,0.665292961300675,0.683497305224825,26,4.4059321942636
0.738546331981438,0.627082439896824,0.64658209995297,27,4.4059321942636
0.746926070959452,0.657647229075016,0.673421121744182,28,4.4059321942636
0.747749915873745,0.633668951795346,0.644297281449278,29,4.4059321942636
0.744762522599124,0.642944907456582,0.661722078018264,3,4.4059321942636
0.743296917446402,0.637728598154371,0.662317435749234,30,4.4059321942636
0.738327543804242,0.617016433922822,0.635796064637789,31,4.4059321942636
0.741000103249924,0.653947095769455,0.68234105376547,32,4.4059321942636
0.742820562932428,0.643977349120779,0.663326471209552,33,4.4059321942636
0.744123863743187,0.634346592355712,0.652035545069455,34,4.4059321942636
0.738149586905641,0.652304816105241,0.676642275963226,35,4.4059321942636
0.747866906286737,0.650619742706595,0.65764008766401,24,4.4059321942636
0.743341786374851,0.650329963746907,0.678047267816747,37,4.4059321942636
0.743665257655254,0.621936145841655,0.659511741521328,38,4.4059321942636
0.742526467768592,0.620251782226751,0.652633258883645,39,4.4059321942636
0.746728292925554,0.648963972339539,0.670866708274888,4,4.4059321942636
0.739720317340674,0.655574974114047,0.685850892148368,40,4.4059321942636
0.744261178790172,0.649030896006767,0.668512293541031,41,4.4059321942636
0.742692437544006,0.656259949589939,0.678671848488871,42,4.4059321942636
0.751782982885028,0.642996058005077,0.657199492281731,43,4.4059321942636
0.748060289083227,0.671102210388466,0.680126141781603,44,4.4059321942636
0.743353852222386,0.620106392052126,0.645699751132401,45,4.4059321942636
0.75068354508487,0.666080252729334,0.679294105199375,46,4.4059321942636
0.744007105506539,0.636944759749644,0.658664628446405,47,4.4059321942636
0.737952515346801,0.644672958603979,0.682083485464058,48,4.4059321942636
0.738101470831917,0.645971532125881,0.670673122565368,49,4.4059321942636
0.735533687394657,0.651079563486984,0.665978758888563,5,4.4059321942636
0.745157322145128,0.650160310533191,0.666025928985258,50,4.4059321942636
0.748319695678389,0.629578785316702,0.666528467831287,6,4.4059321942636
0.740243362414114,0.621788614498138,0.64510365193334,7,4.4059321942636
0.732756057141217,0.609361844291823,0.631694322638172,8,4.4059321942636
0.744836824356785,0.635364992930118,0.655860514782636,9,4.4059321942636
0.751746951278688,0.652414112542805,0.690544782265076,36,4.4059321942636
0.735395747321938,0.61878993343018,0.634617201332342,1,4.82859765091133
0.727201442401908,0.599718005349994,0.638268741347211,10,4.82859765091133
0.735380887790098,0.611767450015217,0.645167147643201,11,4.82859765091133
0.734508528818291,0.638089284782207,0.658961958576894,13,4.82859765091133
0.737050154745218,0.641954856002823,0.677879909725109,14,4.82859765091133
0.737479827133996,0.623988749317406,0.665177523610373,15,4.82859765091133
0.732093069616876,0.605182944738274,0.6398531256177,12,4.82859765091133
0.734422538205302,0.645123280966465,0.677743682691138,17,4.82859765091133
0.732695789826727,0.620284419963445,0.635651314728184,18,4.82859765091133
0.733961180025574,0.642847388400414,0.66516619652428,19,4.82859765091133
0.733972528964766,0.635587741345421,0.669087471998279,2,4.82859765091133
0.735426538211974,0.632892251040883,0.650882292518726,20,4.82859765091133
0.739641201050702,0.627928265843924,0.652271129849405,21,4.82859765091133
0.737583046820976,0.614726511205737,0.641892819681543,22,4.82859765091133
0.738822291544767,0.619938205834486,0.65458192948345,23,4.82859765091133
0.734502828393569,0.63064189906389,0.636674630450388,24,4.82859765091133
0.726156184890592,0.636819559718326,0.673609175287326,25,4.82859765091133
0.734648152463266,0.660714441474826,0.676719852133403,26,4.82859765091133
0.725612651086664,0.62447393355764,0.652695504825703,27,4.82859765091133
0.742209731136716,0.652144510710444,0.676767997108353,16,4.82859765091133
0.73979392007496,0.638268750364015,0.675935929286358,29,4.82859765091133
0.729135334429685,0.61699054397253,0.653425518148339,3,4.82859765091133
0.731514543046195,0.624084624424082,0.655639214160245,30,4.82859765091133
0.736175789370264,0.622026146163023,0.647451996682061,31,4.82859765091133
0.73372581121599,0.648264977444289,0.676580923728984,32,4.82859765091133
0.737711533662532,0.628150788129363,0.658398097630142,33,4.82859765091133
0.73212519398466,0.627499830245329,0.654587049807282,34,4.82859765091133
0.735879508323903,0.649704184894323,0.674799760016108,35,4.82859765091133
0.742540010760877,0.641408109745702,0.677452350805862,36,4.82859765091133
0.736659185192748,0.633562585899557,0.674357041847419,37,4.82859765091133
0.733339852791808,0.611699553460901,0.64349857334771,38,4.82859765091133
0.736093365348771,0.610576533382276,0.647944613754675,39,4.82859765091133
0.739645134506535,0.633817094906034,0.670694696691649,4,4.82859765091133
0.731486269165425,0.635606620440845,0.668109517580533,40,4.82859765091133
0.734815436327891,0.627637897784831,0.660397154080103,41,4.82859765091133
0.737376267852649,0.65172762420876,0.677040700266803,42,4.82859765091133
0.737872060229668,0.643172091152713,0.658128108251621,43,4.82859765091133
0.744283928305708,0.653735048480961,0.672179564075745,44,4.82859765091133
0.736158702588237,0.607101019471794,0.641620528585092,45,4.82859765091133
0.738423719889567,0.627943834666016,0.6433600221706,46,4.82859765091133
0.734730075566573,0.621237960770441,0.654354417390882,47,4.82859765091133
0.732862222651511,0.634691620302139,0.684828887455115,48,4.82859765091133
0.726219909107449,0.629510939707017,0.669911653172669,49,4.82859765091133
0.726877624407477,0.613065680575925,0.633144660251076,5,4.82859765091133
0.73407346397386,0.64914080198109,0.673662303406986,50,4.82859765091133
0.738180705397414,0.635935598093585,0.682311383469163,6,4.82859765091133
0.734920769286889,0.634084753477568,0.663972535291066,7,4.82859765091133
0.727297426074511,0.606585062123622,0.628823728822626,8,4.82859765091133
0.730860153266537,0.617304085109664,0.655649088388671,9,4.82859765091133
0.740744002251361,0.670014573520575,0.684048920494358,28,4.82859765091133
0.721696132530034,0.601643976848312,0.632464002344772,1,5.26209482081574
0.716950503169169,0.588410864563905,0.62203655274013,10,5.26209482081574
0.722777714359558,0.610857643431697,0.657704812687918,12,5.26209482081574
0.72232679861729,0.623396572865191,0.644184267453176,13,5.26209482081574
0.733129376538184,0.609599712264755,0.659072248590261,14,5.26209482081574
0.72265477185464,0.618400874432351,0.657272776658367,11,5.26209482081574
0.738288275944331,0.628164277632268,0.649293937496484,16,5.26209482081574
0.715433735472875,0.618085097309152,0.662874298812926,17,5.26209482081574
0.721058002570256,0.602402798541408,0.642522846998314,18,5.26209482081574
0.728342184125974,0.629865915510651,0.668861889836721,15,5.26209482081574
0.723201826088141,0.59747417293435,0.64275171441688,2,5.26209482081574
0.721458036232378,0.613927598646254,0.648679392146011,20,5.26209482081574
0.737651574626586,0.623142107169698,0.644871062480686,21,5.26209482081574
0.725905328090823,0.620151875435905,0.656293948946815,22,5.26209482081574
0.729113098487626,0.622236868226587,0.665181966986625,23,5.26209482081574
0.730352276801226,0.62620545555148,0.642001282083438,24,5.26209482081574
0.71861944554989,0.617556204381921,0.655775835255711,25,5.26209482081574
0.721883021003573,0.631388582367489,0.67207889865368,26,5.26209482081574
0.717242959916821,0.61288424944363,0.636684381799269,27,5.26209482081574
0.732621030238433,0.631517809273124,0.656179842307084,28,5.26209482081574
0.730807252217412,0.627062862365764,0.666329373565837,29,5.26209482081574
0.723410312049092,0.604448084119419,0.643607969451575,3,5.26209482081574
0.726561347891326,0.595200006491397,0.648920287011464,30,5.26209482081574
0.723565494696415,0.601038230483172,0.627029642323237,31,5.26209482081574
0.718476090352183,0.624841028992376,0.675969788446395,32,5.26209482081574
0.732980579835101,0.6224110343302,0.666819005401717,33,5.26209482081574
0.723476573816976,0.618929874737795,0.649090360657816,34,5.26209482081574
0.727560007781801,0.649094925409769,0.66621379602587,35,5.26209482081574
0.736391810379465,0.62645680360501,0.663154114860618,36,5.26209482081574
0.727697872828182,0.617826658744678,0.655614933372204,37,5.26209482081574
0.728454162880998,0.626265523803521,0.662337573781966,38,5.26209482081574
0.723726358630207,0.598754655506101,0.636070054948621,39,5.26209482081574
0.731071615333088,0.630782657465649,0.673814781945619,4,5.26209482081574
0.721275180428705,0.626253646710433,0.665727854625785,40,5.26209482081574
0.723386212342205,0.616961040035797,0.654087512062295,41,5.26209482081574
0.724649191020318,0.628615671675511,0.659756455111392,42,5.26209482081574
0.734920354869767,0.628696540689309,0.652673181293725,43,5.26209482081574
0.735030100904763,0.645557835869994,0.662554309240756,44,5.26209482081574
0.732497770527092,0.615001113966926,0.650951936869865,45,5.26209482081574
0.726839271343146,0.597134841427552,0.628253799329149,46,5.26209482081574
0.72508242686212,0.633622652983269,0.664477956212936,47,5.26209482081574
0.721182161977309,0.602707764665086,0.659093558401904,48,5.26209482081574
0.721282937193206,0.625763605411973,0.665061382697513,49,5.26209482081574
0.713972743436569,0.617616491979528,0.653416362282,5,5.26209482081574
0.724576028355541,0.64577889408279,0.674440426445269,50,5.26209482081574
0.729474798734883,0.593260207985364,0.658254920995648,6,5.26209482081574
0.729936146191457,0.638709548254633,0.657303149755624,7,5.26209482081574
0.713787917710633,0.567041404421508,0.60719270701608,8,5.26209482081574
0.726319878361473,0.608572625111424,0.659167477497682,9,5.26209482081574
0.723738414952502,0.62239016895452,0.653060893706753,19,5.26209482081574
0.712598601521135,0.584971541809597,0.611276649889954,1,5.70381692514202
0.706324144037664,0.566565107890895,0.60843304124118,10,5.70381692514202
0.705039047932586,0.596331599438158,0.651740611882281,12,5.70381692514202
0.712853829131726,0.605184518176961,0.622940922884681,13,5.70381692514202
0.722031986925621,0.594288220059667,0.650771338858871,14,5.70381692514202
0.71679786299703,0.599288044642448,0.63939575032311,11,5.70381692514202
0.730909815317147,0.623146627771859,0.65447908127087,16,5.70381692514202
0.709823487732497,0.611763375756503,0.670519556326404,17,5.70381692514202
0.714390611220945,0.612383322149367,0.646036231839101,18,5.70381692514202
0.722218113878055,0.600443244936232,0.658704829443914,15,5.70381692514202
0.711066631206641,0.582545933684649,0.633474026451697,2,5.70381692514202
0.710332562981943,0.598526417489896,0.642538324763838,20,5.70381692514202
0.72681616876887,0.612525283983081,0.646105094599989,21,5.70381692514202
0.713520548348788,0.601284394793147,0.646519505843612,22,5.70381692514202
0.717855851991628,0.625701795319975,0.67233120747227,23,5.70381692514202
0.722115672145687,0.612067510123261,0.63365197632454,24,5.70381692514202
0.711284874625125,0.600536758016444,0.658308435814705,25,5.70381692514202
0.718169138717996,0.625341573018733,0.668004264202657,26,5.70381692514202
0.705835785097646,0.602479134152484,0.642394578664665,27,5.70381692514202
0.719749405574007,0.619857181344076,0.659150346193874,28,5.70381692514202
0.720855308346302,0.596313270576597,0.639493396667847,29,5.70381692514202
0.712176004737863,0.587869312144507,0.629161176838816,3,5.70381692514202
0.717571243596602,0.6140711514798,0.657126469458062,19,5.70381692514202
0.71241714171599,0.59476272776372,0.650518469065053,31,5.70381692514202
0.708880850536835,0.612946643081423,0.667903154207146,32,5.70381692514202
0.721931652957573,0.60948463134626,0.648960309426404,33,5.70381692514202
0.706203730021882,0.606421040891559,0.653246385300962,34,5.70381692514202
0.720374091100892,0.62227743115989,0.654799369386531,35,5.70381692514202
0.725185487006754,0.596690478726847,0.646252612269216,36,5.70381692514202
0.720489226985272,0.603366731493728,0.649071951630271,37,5.70381692514202
0.727005949208342,0.623156287319782,0.65197360217567,38,5.70381692514202
0.712369319067386,0.575841353548585,0.632278004215824,39,5.70381692514202
0.719122904260041,0.62146154532361,0.677538655797984,4,5.70381692514202
0.705539959993738,0.598271886784859,0.649046895368108,40,5.70381692514202
0.715011156687071,0.603112221869437,0.643336712037442,41,5.70381692514202
0.717378156519444,0.613635083454857,0.660687799135894,42,5.70381692514202
0.719121630498386,0.603866130539809,0.64592167965909,43,5.70381692514202
0.72471224298166,0.634955345005263,0.665888374398299,44,5.70381692514202
0.728085370895548,0.602366408376004,0.645458287847978,45,5.70381692514202
0.71929879463548,0.611169337266437,0.637245130829637,46,5.70381692514202
0.713807999029067,0.589897653078403,0.638492957260267,47,5.70381692514202
0.711345206219948,0.598892774914476,0.676980292742528,48,5.70381692514202
0.712355216844253,0.585477865497629,0.646892064094115,49,5.70381692514202
0.705453838062502,0.598613731955106,0.635238007531443,5,5.70381692514202
0.725635148569477,0.626074785103742,0.659164304681518,50,5.70381692514202
0.71664903756075,0.588931187872165,0.672510250451175,6,5.70381692514202
0.71823399888742,0.623279858514522,0.654418847019083,7,5.70381692514202
0.713642040267191,0.56341972486926,0.595550629541037,8,5.70381692514202
0.713321609767748,0.593127736652329,0.650732286910269,9,5.70381692514202
0.713307351950606,0.59587204021642,0.661510735744192,30,5.70381692514202
0.696647450240061,0.576478966613131,0.622154386594448,10,6.1673503218193
0.710810291291389,0.615686941509884,0.662531981477079,11,6.1673503218193
0.695211645788128,0.57136683261704,0.626392596900363,12,6.1673503218193
0.702989306673387,0.602839529322401,0.637882036010347,13,6.1673503218193
0.710495811489512,0.572286546893003,0.637353815677349,14,6.1673503218193
0.704209480037278,0.578406023036066,0.645634222587982,15,6.1673503218193
0.714609537139343,0.606710666248772,0.658012159681577,16,6.1673503218193
0.703869311080849,0.602598204620608,0.663105955112435,17,6.1673503218193
0.705486719259885,0.604080024265538,0.650830575396733,18,6.1673503218193
0.712296759156837,0.59429029996921,0.650332240735429,19,6.1673503218193
0.7041153777438,0.561495859830627,0.617295604300046,2,6.1673503218193
0.70644994475154,0.587084796332666,0.651545782223505,20,6.1673503218193
0.709413006541329,0.595147380850309,0.634653696725446,1,6.1673503218193
0.704252315417065,0.594834039715856,0.637724142522072,22,6.1673503218193
0.712652711358222,0.608205775596597,0.647507035395678,23,6.1673503218193
0.706981922766133,0.610161009858472,0.645345324033413,24,6.1673503218193
0.703076246513262,0.595332950533342,0.647791623969743,25,6.1673503218193
0.70201477520271,0.60357234109651,0.658747220258347,26,6.1673503218193
0.6936047212986,0.581534383272066,0.624215872547254,27,6.1673503218193
0.713088553858487,0.61776191249829,0.667092082384493,28,6.1673503218193
0.712281682429392,0.588803740556077,0.640652197920077,29,6.1673503218193
0.702315392286436,0.572302740779105,0.637455889092524,3,6.1673503218193
0.696235889816759,0.569822887705051,0.649837667629286,30,6.1673503218193
0.707753611691168,0.570832595506511,0.632104463833015,31,6.1673503218193
0.700123069081507,0.600458473356075,0.659932256747161,32,6.1673503218193
0.717299769201197,0.576322831008588,0.614839177210599,33,6.1673503218193
0.701564220188545,0.592789405753895,0.64484853339608,34,6.1673503218193
0.713961026293251,0.612627083286669,0.650146261749522,35,6.1673503218193
0.722751614535524,0.604431074911782,0.65492495575348,36,6.1673503218193
0.709009792174559,0.580657754450168,0.64506530752606,37,6.1673503218193
0.71680491777343,0.614105062512445,0.653434602176439,38,6.1673503218193
0.702747795161251,0.562345738394226,0.615316405052298,39,6.1673503218193
0.711160735763293,0.597504414007225,0.660746672214109,4,6.1673503218193
0.690088862537737,0.579008299758075,0.640131921522222,40,6.1673503218193
0.704289134614974,0.591181983653935,0.642522736041641,41,6.1673503218193
0.706135326325031,0.595697420258852,0.648475932746061,42,6.1673503218193
0.705304078784254,0.573697834361083,0.637373258147438,43,6.1673503218193
0.71572817225846,0.604577510342026,0.642254934581837,44,6.1673503218193
0.712146165615797,0.57721305970182,0.628426785424699,45,6.1673503218193
0.708063431455294,0.596208572513823,0.634839929278018,46,6.1673503218193
0.702029919140697,0.578626075584742,0.630472633584323,47,6.1673503218193
0.707235449609343,0.587294223796461,0.670499057052346,48,6.1673503218193
0.693173176215684,0.565080698974802,0.634570096906254,49,6.1673503218193
0.695251111263247,0.581661155893417,0.645662104103644,5,6.1673503218193
0.71713512292357,0.593983910528505,0.639203190489141,50,6.1673503218193
0.706716246345368,0.558516426622981,0.646094515469509,6,6.1673503218193
0.706066740778224,0.605797546058915,0.642113058211406,7,6.1673503218193
0.701860754772255,0.556917472591345,0.598541045580982,8,6.1673503218193
0.706947494497851,0.57341257759507,0.640930525283436,9,6.1673503218193
0.715456406243762,0.587430858169182,0.616165716765458,21,6.1673503218193
0.697725705095432,0.571679601346524,0.627082267432762,1,6.62508158521405
0.683875629721868,0.558165054105992,0.628070776313984,10,6.62508158521405
0.699868936797607,0.590766690257435,0.658405806269903,11,6.62508158521405
0.688450684834744,0.573594643216325,0.63416252603104,13,6.62508158521405
0.700601066410905,0.559450461932446,0.645941838530942,14,6.62508158521405
0.699804106795487,0.57139034232052,0.64843665988347,15,6.62508158521405
0.70214938348113,0.603575227502784,0.652980377110071,16,6.62508158521405
0.689801156605656,0.575429559718107,0.641510322253781,17,6.62508158521405
0.696479953887079,0.57491649865938,0.622757757303591,18,6.62508158521405
0.693585925302818,0.578232944613312,0.645149742284464,19,6.62508158521405
0.69335596597,0.571232247567701,0.635315432758485,2,6.62508158521405
0.691136610098505,0.592288500639545,0.662319887028327,20,6.62508158521405
0.701494617316211,0.585077200249767,0.625302433714361,21,6.62508158521405
0.696411919254965,0.577092655421663,0.6378273052002,22,6.62508158521405
0.706142711329124,0.59336710981606,0.645902109324768,23,6.62508158521405
0.701660375153325,0.590178209469313,0.628841213272928,24,6.62508158521405
0.691230183909928,0.584454190670662,0.651099581504861,25,6.62508158521405
0.69166009581007,0.585789260508202,0.65320715737352,26,6.62508158521405
0.679217802779741,0.573510717331725,0.629186294036634,27,6.62508158521405
0.699030115114356,0.606976306927757,0.664651896557535,28,6.62508158521405
0.709195861374796,0.582053584581211,0.634322143364544,29,6.62508158521405
0.697069696495708,0.556250918300445,0.625680194066924,3,6.62508158521405
0.686047489083556,0.564357048365742,0.648736017620169,30,6.62508158521405
0.691338056044141,0.531118239032351,0.605942004037437,31,6.62508158521405
0.696389359076676,0.578787644339335,0.656211002665544,32,6.62508158521405
0.70558770615972,0.591189955259675,0.628270327447576,33,6.62508158521405
0.685898356656796,0.584789446205282,0.651545656690965,34,6.62508158521405
0.701681093021227,0.600555963888153,0.657568065290874,35,6.62508158521405
0.709699013929338,0.599614976785128,0.654985432609201,36,6.62508158521405
0.70235833777219,0.557379081542918,0.621787833046217,37,6.62508158521405
0.708743564010511,0.583344962353253,0.639075494701481,38,6.62508158521405
0.694550626222264,0.549850304100571,0.606422479183356,39,6.62508158521405
0.70462512518551,0.573979193399542,0.639490063502451,4,6.62508158521405
0.689293709392663,0.569731356143521,0.626880207920763,40,6.62508158521405
0.697590332971301,0.585477328325676,0.657885686308267,41,6.62508158521405
0.698822655495271,0.589100295240612,0.653572876297938,42,6.62508158521405
0.696614497762355,0.570730368621717,0.641384966258734,43,6.62508158521405
0.711934181217346,0.602370062559116,0.629017818419856,44,6.62508158521405
0.702965924861218,0.569456871562975,0.636033561930709,45,6.62508158521405
0.702412848430835,0.574848414711128,0.63481524085132,46,6.62508158521405
0.696033989919225,0.540037390564002,0.602739414783797,47,6.62508158521405
0.698062513200592,0.567159579742874,0.638121656791347,48,6.62508158521405
0.679670294221827,0.541850336569449,0.633003431370212,49,6.62508158521405
0.678824377548331,0.565439508750111,0.632388124608228,5,6.62508158521405
0.707770552363525,0.57637246219884,0.636763998620324,50,6.62508158521405
0.698279754246779,0.554490627448368,0.646287239092094,6,6.62508158521405
0.695498441650068,0.57842819001679,0.631142205415348,7,6.62508158521405
0.693477572415421,0.544539170771247,0.597472341948427,8,6.62508158521405
0.693092658135198,0.55855546626866,0.647144979494281,9,6.62508158521405
0.68609243283511,0.561938345173087,0.615634003498313,12,6.62508158521405
0.683798649267505,0.562887942222439,0.627523254202669,10,7.08588207283009
0.689524284361671,0.586057210184494,0.658003584570333,11,7.08588207283009
0.674350872297678,0.546569883166123,0.60712104454882,12,7.08588207283009
0.694970060573358,0.575410167812784,0.628811613701743,1,7.08588207283009
0.694979182065997,0.554292748042225,0.653893366854185,14,7.08588207283009
0.686337388987279,0.559439854995395,0.641639456860516,15,7.08588207283009
0.697934605652481,0.576503883030397,0.643678579245515,16,7.08588207283009
0.683084153734408,0.560260826068706,0.630001297762971,13,7.08588207283009
0.687941697164704,0.546980397807218,0.602885404181231,18,7.08588207283009
0.68272465822818,0.553621304590936,0.634704457764406,19,7.08588207283009
0.684501643129801,0.553129460045128,0.626503551843674,2,7.08588207283009
0.686352232822083,0.575436561749966,0.651159772081263,20,7.08588207283009
0.694174112506876,0.574131661128339,0.618319383644379,21,7.08588207283009
0.68947241935925,0.570205115131958,0.647309058684249,22,7.08588207283009
0.699810474570846,0.57428229132167,0.643822188884515,23,7.08588207283009
0.691568245464996,0.568241398763484,0.622488895742747,24,7.08588207283009
0.691591467942361,0.576958087784071,0.650813994949874,25,7.08588207283009
0.69053100182469,0.549382584890862,0.612799999569188,26,7.08588207283009
0.678742005951086,0.564112670829941,0.622117357395341,27,7.08588207283009
0.688107405057844,0.590474783637118,0.648888777367151,28,7.08588207283009
0.687824161400287,0.552620222409772,0.626612061475029,17,7.08588207283009
0.685404577167,0.543701021995399,0.622737914794941,3,7.08588207283009
0.684372453048791,0.556458990459575,0.653257991090885,30,7.08588207283009
0.680515851926965,0.524214418970895,0.602639077568879,31,7.08588207283009
0.685030403662293,0.579580228194028,0.656385227580526,32,7.08588207283009
0.700553702243642,0.582966103861982,0.63371777443761,33,7.08588207283009
0.68042913622705,0.571500268059465,0.655800940778055,34,7.08588207283009
0.69259614461493,0.584304706840308,0.626923199711587,35,7.08588207283009
0.700403402188085,0.581926177337624,0.659971841910442,36,7.08588207283009
0.694096743964476,0.569703097222744,0.631263958333485,37,7.08588207283009
0.695197853564107,0.587585098811606,0.644388457747506,38,7.08588207283009
0.685014030559558,0.539280133750343,0.618374941217419,39,7.08588207283009
0.701053367655247,0.567888440570786,0.616109437447498,4,7.08588207283009
0.701512812734278,0.589301963546924,0.647435425736877,29,7.08588207283009
0.692617754161643,0.589408615058714,0.660089288870337,41,7.08588207283009
0.68606818358563,0.572503063115899,0.632511001068715,42,7.08588207283009
0.688117980268144,0.564097357601654,0.642858348610574,43,7.08588207283009
0.701430474956163,0.579359332608642,0.630238559623361,44,7.08588207283009
0.700889419463694,0.548432453059458,0.617166306352719,45,7.08588207283009
0.690765868612575,0.570471340361931,0.631740103921889,46,7.08588207283009
0.686491847863964,0.526840926035058,0.595332999753291,47,7.08588207283009
0.686948322542694,0.552127416655752,0.645442246100323,48,7.08588207283009
0.673408482724406,0.541642679481267,0.629154514145051,49,7.08588207283009
0.666031640280553,0.533291085662624,0.617328354527772,5,7.08588207283009
0.694145417673069,0.558277542408285,0.622131798092657,50,7.08588207283009
0.690674821144151,0.541200800793953,0.639924770994879,6,7.08588207283009
0.684735470804448,0.572195356030457,0.643882519015525,7,7.08588207283009
0.683959748597855,0.529752192372048,0.574345612662882,8,7.08588207283009
0.681258962379863,0.545988434488162,0.644268667233112,9,7.08588207283009
0.677185815825116,0.535761901038613,0.603060310085293,40,7.08588207283009
0.679163394886663,0.542622815173914,0.608262364259386,1,7.55654208796633
0.678116825032908,0.558710157541861,0.648296545954187,10,7.55654208796633
0.682663091766251,0.549880422368941,0.643953287329903,11,7.55654208796633
0.679882778696878,0.550452697507104,0.62812655399563,13,7.55654208796633
0.68512180880742,0.534033124182104,0.639993353305089,14,7.55654208796633
0.680971416894129,0.554344374497958,0.629843711611019,15,7.55654208796633
0.669757001968317,0.542822692678371,0.615051588165653,12,7.55654208796633
0.681738648080771,0.546616856924384,0.632887217050667,17,7.55654208796633
0.68128081129564,0.53795357367195,0.625178245284974,18,7.55654208796633
0.670067172227931,0.541551702739833,0.621014301194776,19,7.55654208796633
0.690451145259543,0.567678784316344,0.633945650255565,16,7.55654208796633
0.688101189136881,0.564239647302722,0.637314428264825,20,7.55654208796633
0.689238425315207,0.574000188064697,0.630138139026336,21,7.55654208796633
0.688641043996604,0.54955479638343,0.630666928965432,22,7.55654208796633
0.689878898541607,0.578467254240765,0.645868487441632,23,7.55654208796633
0.680695973064417,0.553757260360483,0.632078383875148,24,7.55654208796633
0.680510786949626,0.581360080132972,0.653067995971244,25,7.55654208796633
0.678175623729756,0.543566592904375,0.608659276368485,26,7.55654208796633
0.666501359082229,0.54935989910599,0.612225040903638,27,7.55654208796633
0.683660469834813,0.577190144899397,0.643202700890192,28,7.55654208796633
0.698370343679881,0.572911748719662,0.642718532292601,29,7.55654208796633
0.674769446389286,0.534834540816268,0.613863540168673,3,7.55654208796633
0.674897397258263,0.524947516877286,0.630103670854273,30,7.55654208796633
0.677476577039325,0.537670150211347,0.633158216832803,2,7.55654208796633
0.673268735911244,0.542629908373142,0.640627079217589,32,7.55654208796633
0.69082672020263,0.574474671401018,0.630053020777347,33,7.55654208796633
0.671757214669978,0.54365521417506,0.631798809173906,34,7.55654208796633
0.686539377423071,0.598509487775543,0.650336791800683,35,7.55654208796633
0.695197300140013,0.56617066340596,0.646103575649168,36,7.55654208796633
0.6894759740061,0.545508889205236,0.622194557820181,37,7.55654208796633
0.681317568453811,0.573105077844728,0.630863403771387,38,7.55654208796633
0.675895355047567,0.530218631329287,0.597886293256139,39,7.55654208796633
0.688309023840858,0.544019540326549,0.612968557855313,4,7.55654208796633
0.667288889185627,0.518906774498535,0.609656858152435,40,7.55654208796633
0.680052214150249,0.565067204180226,0.647158887019909,41,7.55654208796633
0.672718749035616,0.560752162147208,0.624888313137125,42,7.55654208796633
0.68187961275849,0.54405731301483,0.622945491081883,43,7.55654208796633
0.700477710197584,0.581216535370007,0.625864656446503,44,7.55654208796633
0.695329381317904,0.549284899952494,0.636342687910152,45,7.55654208796633
0.676935982179361,0.56854871341257,0.631042136745587,46,7.55654208796633
0.683610890148044,0.514875479587117,0.594586719813775,47,7.55654208796633
0.680992133182198,0.527862155671099,0.607699761230616,48,7.55654208796633
0.669522350899613,0.520565521903842,0.623418016760951,49,7.55654208796633
0.657621260279603,0.543944112385672,0.633823610391835,5,7.55654208796633
0.684745435076546,0.547021515676057,0.633940413558806,50,7.55654208796633
0.67640574401632,0.532817693609694,0.639520104715149,6,7.55654208796633
0.674463879312204,0.535330308923341,0.641028633007234,7,7.55654208796633
0.670653161624997,0.502488484439595,0.587157889754765,8,7.55654208796633
0.678954767637154,0.535725251569549,0.640412061535241,9,7.55654208796633
0.670436908168492,0.507331311119717,0.589526550661221,31,7.55654208796633
0.676918265859868,0.547499108837594,0.615035308798542,1,8.02951513858197
0.669690162162239,0.543835003630199,0.624914300243498,10,8.02951513858197
0.660552018678114,0.515810565089829,0.598058516624989,12,8.02951513858197
0.666856446448685,0.503157832536352,0.593863236530045,13,8.02951513858197
0.681697118232761,0.538748038989243,0.660180722299011,14,8.02951513858197
0.680426967160578,0.54400419511951,0.624597889441393,15,8.02951513858197
0.680931021140573,0.553215923684452,0.611747863555449,16,8.02951513858197
0.675063094687993,0.54071257769764,0.636039306678532,17,8.02951513858197
0.673562059322832,0.526013704257161,0.619228501987325,18,8.02951513858197
0.663943113768548,0.533313723278334,0.625741653944055,19,8.02951513858197
0.672859170761288,0.536488307616994,0.636104590117218,2,8.02951513858197
0.678331020587119,0.534239041088131,0.614984569569537,20,8.02951513858197
0.679607969339633,0.543111843968962,0.612540894147983,21,8.02951513858197
0.681656056116415,0.545559724753829,0.628305337991428,22,8.02951513858197
0.667689345665762,0.538675934671286,0.63380958000709,11,8.02951513858197
0.67952948763409,0.537465690533704,0.620197358190878,24,8.02951513858197
0.68025655274534,0.574874070312508,0.651342052686088,25,8.02951513858197
0.671440915041387,0.550633579853754,0.618196139550768,26,8.02951513858197
0.658206478863912,0.525807829173084,0.605997328839863,27,8.02951513858197
0.680459686046184,0.569125272222492,0.644722902505126,28,8.02951513858197
0.691932982111185,0.551954334996632,0.620546048980517,29,8.02951513858197
0.667922772769564,0.516075331078928,0.606720170389598,3,8.02951513858197
0.660806107289651,0.507960791933153,0.618311182662578,30,8.02951513858197
0.664893663647941,0.528547408013148,0.610152382485183,31,8.02951513858197
0.667739378870004,0.525062663341267,0.632551585537561,32,8.02951513858197
0.686614006718452,0.573095652165758,0.635593264721713,33,8.02951513858197
0.662485625419017,0.528351225222098,0.632479917704316,34,8.02951513858197
0.683066371260546,0.582726350969274,0.641463891159851,35,8.02951513858197
0.682692415493279,0.550201718797541,0.640827928325839,36,8.02951513858197
0.675127014738294,0.524523033156825,0.614692464061337,37,8.02951513858197
0.677246287296004,0.548261307412734,0.604927900621846,38,8.02951513858197
0.672139608625214,0.534034679054254,0.60955992378015,39,8.02951513858197
0.680593239121888,0.543874700597687,0.628018169806924,4,8.02951513858197
0.658547378803362,0.498918431204031,0.591251889219858,40,8.02951513858197
0.674882926170373,0.56525954526551,0.644072368265639,41,8.02951513858197
0.666271908721754,0.557357384851531,0.629351320619323,42,8.02951513858197
0.670126755269955,0.529407071529601,0.627800278805673,43,8.02951513858197
0.686262708318059,0.579852999976787,0.634669288266239,44,8.02951513858197
0.68079936254777,0.543283433865687,0.637401091485465,45,8.02951513858197
0.671183600599588,0.554092280270308,0.620014835430761,46,8.02951513858197
0.679910852683087,0.510683450522965,0.592352028882332,47,8.02951513858197
0.673197247981202,0.510195448011654,0.610798988285483,48,8.02951513858197
0.655997716971963,0.508426546346116,0.629764002333528,49,8.02951513858197
0.656226205309193,0.527369365416895,0.618344752560865,5,8.02951513858197
0.681942186833278,0.529791365003626,0.608569702689455,50,8.02951513858197
0.671675514292314,0.508036931863272,0.618864746885778,6,8.02951513858197
0.679186941848102,0.549033253237264,0.629547723596189,7,8.02951513858197
0.664731565762499,0.507302258393281,0.597807430865827,8,8.02951513858197
0.676049399134927,0.518725843012313,0.636213045089891,9,8.02951513858197
0.681691941478245,0.580662016728863,0.640675487348764,23,8.02951513858197
0.667416550520288,0.541286744175237,0.618307115486596,1,8.50844385969286
0.661549539102151,0.523437153851118,0.623559678998177,11,8.50844385969286
0.643207562238891,0.514051710716474,0.605341343716948,12,8.50844385969286
0.659479895155375,0.508684573337949,0.598499494592776,13,8.50844385969286
0.666754352474896,0.545728322737863,0.63301633227528,10,8.50844385969286
0.673685394262855,0.549365046451832,0.640129094098848,15,8.50844385969286
0.673226468544866,0.570995932281073,0.645807362587431,16,8.50844385969286
0.669513476529649,0.533343831424114,0.637033943049386,17,8.50844385969286
0.664746539624235,0.496254963518909,0.586748837205509,18,8.50844385969286
0.656282203613695,0.52159103729131,0.601436776786499,19,8.50844385969286
0.664211557764981,0.509851359950131,0.630339063579347,2,8.50844385969286
0.670591728891978,0.53248845851278,0.605477935681928,20,8.50844385969286
0.667047468967672,0.520931830349319,0.612409984349341,21,8.50844385969286
0.669963620085649,0.526539849961098,0.611470578655026,22,8.50844385969286
0.674152515895969,0.542469142540936,0.608705789809234,23,8.50844385969286
0.671466648075903,0.500454893173504,0.596499133579804,24,8.50844385969286
0.671143461718544,0.575191256851117,0.63897935706838,25,8.50844385969286
0.663412280563225,0.556741734337524,0.629479001055933,26,8.50844385969286
0.654017136621385,0.514463217793923,0.599881675908285,27,8.50844385969286
0.671552355928111,0.544139704011338,0.62211525742798,28,8.50844385969286
0.686044493494805,0.543663751931174,0.610275243834988,29,8.50844385969286
0.658487246407801,0.510000601629138,0.602332687219131,3,8.50844385969286
0.652816166281029,0.502442317685014,0.608251826572443,30,8.50844385969286
0.656831213447166,0.503456997007857,0.600544289474304,31,8.50844385969286
0.663946499681959,0.520366454603725,0.634770182388641,32,8.50844385969286
0.674832147077092,0.559615225184184,0.631707445008298,33,8.50844385969286
0.655074821190878,0.523817264601606,0.626066319803996,34,8.50844385969286
0.673651635603866,0.55582044308458,0.621446231309719,35,8.50844385969286
0.677352474341202,0.529538623621009,0.634091502227428,36,8.50844385969286
0.674126594043361,0.510246703802531,0.6125796324941,37,8.50844385969286
0.662810503143781,0.526618699160267,0.590605275377564,38,8.50844385969286
0.670029825000338,0.540668242296531,0.602942035076559,39,8.50844385969286
0.669746902707712,0.541329456959335,0.633580937044435,4,8.50844385969286
0.648261224149154,0.499775749613331,0.592949749920558,40,8.50844385969286
0.66620763574822,0.54291649537348,0.628963403340911,41,8.50844385969286
0.660882670419538,0.555731376356835,0.641514052243091,42,8.50844385969286
0.658601399467542,0.53899572674765,0.63619000901064,43,8.50844385969286
0.689418983088732,0.562863907719062,0.63594261825488,44,8.50844385969286
0.677441960598522,0.524081970320686,0.626921529514525,45,8.50844385969286
0.663854115645528,0.527386180808704,0.600344771868396,46,8.50844385969286
0.678181516658763,0.514722613463743,0.600624702477536,47,8.50844385969286
0.66488184226475,0.522878748350216,0.610740150109728,48,8.50844385969286
0.657602377066488,0.496291234843954,0.617617455336167,49,8.50844385969286
0.647084374336518,0.54480763000254,0.634162175278552,5,8.50844385969286
0.67333680252398,0.531707086902309,0.638007045722007,14,8.50844385969286
0.666424423195549,0.510579865625556,0.611713529701035,6,8.50844385969286
0.675243766465191,0.552448224758983,0.636339691982527,7,8.50844385969286
0.658704195678546,0.491883582823964,0.587649648819894,8,8.50844385969286
0.675815288661265,0.528427963576843,0.649278590613732,9,8.50844385969286
0.676918859962399,0.560486953455066,0.609211555910549,50,8.50844385969286
0.665672725955516,0.520379010689444,0.60069002824623,1,8.98299333757762
0.661227347587523,0.524861022054615,0.618899095355867,10,8.98299333757762
0.640447137689054,0.489044390190609,0.577443399994531,12,8.98299333757762
0.648823571553644,0.512178905637041,0.607005619580777,13,8.98299333757762
0.667146575289438,0.502670709630739,0.621078641846473,14,8.98299333757762
0.652740208032717,0.500160181537948,0.621635090323496,11,8.98299333757762
0.663628954726868,0.535378160419219,0.627694289275827,16,8.98299333757762
0.660108056129771,0.522155908827757,0.635720611399605,17,8.98299333757762
0.653229578756729,0.490731830378346,0.603131390357081,18,8.98299333757762
0.665733210296642,0.532294965769966,0.624340828133022,15,8.98299333757762
0.656804795606306,0.524263174175267,0.615238395055708,2,8.98299333757762
0.669470040627202,0.497697490841073,0.601926629709501,20,8.98299333757762
0.661255573894036,0.505805036590462,0.61516023867089,21,8.98299333757762
0.666769408394282,0.511270558740652,0.602081051764713,22,8.98299333757762
0.666480046090908,0.529097603805075,0.613037493869398,23,8.98299333757762
0.661300215025505,0.52836566201866,0.609170562673657,24,8.98299333757762
0.66964182739598,0.550019279954375,0.627563256124502,25,8.98299333757762
0.664676713954981,0.546685926418948,0.627959582921389,26,8.98299333757762
0.645679645484052,0.51326231008541,0.615846003146744,27,8.98299333757762
0.660823681646514,0.534340592863958,0.618166979944452,28,8.98299333757762
0.673338142440701,0.521531511225305,0.599749497409775,29,8.98299333757762
0.652017730650219,0.506745168550087,0.604076329136913,3,8.98299333757762
0.643012534743576,0.497170145187716,0.611538986409911,19,8.98299333757762
0.648494806513528,0.488945458396774,0.598251127685969,31,8.98299333757762
0.656042740601701,0.517739883436427,0.619546092677909,32,8.98299333757762
0.66785406061587,0.53593819641394,0.622839401748515,33,8.98299333757762
0.649687094459427,0.519374645479595,0.623798699504945,34,8.98299333757762
0.670524294844265,0.541996544308267,0.60917846978354,35,8.98299333757762
0.667474114735584,0.498499406021431,0.625329906923756,36,8.98299333757762
0.663703341422538,0.501597172415705,0.607185802483637,37,8.98299333757762
0.656023354336001,0.522519838138159,0.594885724143241,38,8.98299333757762
0.659092353282352,0.512629202815609,0.604180946062824,39,8.98299333757762
0.667355512584988,0.504539501664039,0.609556332569723,4,8.98299333757762
0.643007193156856,0.473215093084555,0.584997587104264,40,8.98299333757762
0.662971195218118,0.551618357841461,0.63996594804467,41,8.98299333757762
0.644416183271274,0.494203941974117,0.610297404773797,30,8.98299333757762
0.655676975900155,0.499797841437884,0.621360157108882,43,8.98299333757762
0.674706136575885,0.561857490875426,0.636662822889523,44,8.98299333757762
0.672026672733821,0.518675973482758,0.626052820447306,45,8.98299333757762
0.655595826457841,0.528283581626001,0.609350039793034,46,8.98299333757762
0.671219505441956,0.495604694115592,0.576990600334865,47,8.98299333757762
0.65756777706542,0.505329340265013,0.622462775361445,48,8.98299333757762
0.645846371210878,0.486506834876169,0.610090409275025,49,8.98299333757762
0.640879523487051,0.535613268579378,0.613845359486377,5,8.98299333757762
0.665441594495223,0.538129959757471,0.614953281830501,50,8.98299333757762
0.664468700778928,0.494613042066468,0.61512113280552,6,8.98299333757762
0.664964733762034,0.54506387644913,0.646134951584374,7,8.98299333757762
0.654180787504326,0.498518611683052,0.603407379489844,8,8.98299333757762
0.666436679329246,0.511938243382409,0.63424040993523,9,8.98299333757762
0.648557512390174,0.534500054394052,0.635258055157276,42,8.98299333757762
0.654615108641398,0.52850105547732,0.617221906589861,10,9.46916854856173
0.642041829407113,0.490227841261959,0.613800689436755,11,9.46916854856173
0.641835497386657,0.492724409376338,0.582203565701551,12,9.46916854856173
0.646434531817712,0.501588847036808,0.602172008906694,13,9.46916854856173
0.66507117944889,0.513241569800976,0.637100300491958,14,9.46916854856173
0.659805269920231,0.530275305271049,0.62457475280511,15,9.46916854856173
0.663315035855711,0.517994184337059,0.60589892098641,16,9.46916854856173
0.65374620694597,0.495940982963427,0.606724953647592,17,9.46916854856173
0.646122441628184,0.493596990289251,0.603021020484226,18,9.46916854856173
0.636212076511751,0.477316155763899,0.597071523808488,19,9.46916854856173
0.647702762358506,0.486160185787885,0.607476052027992,2,9.46916854856173
0.659706870399739,0.51686867882866,0.601515854317806,20,9.46916854856173
0.656595741591418,0.498373476022483,0.599302197054353,1,9.46916854856173
0.654290263635923,0.516634603264375,0.632120776763503,22,9.46916854856173
0.658547145445914,0.497806840335444,0.609374579656356,23,9.46916854856173
0.65033141722948,0.492443616505214,0.595058993865227,24,9.46916854856173
0.656732275559537,0.52994200446837,0.615597016594145,25,9.46916854856173
0.658688243525451,0.549852132118539,0.62784914864865,26,9.46916854856173
0.64052311995182,0.508698735029832,0.624508478269969,27,9.46916854856173
0.654518393469233,0.513830115869196,0.610620525527649,28,9.46916854856173
0.670602146740975,0.510711164386061,0.594082292830996,29,9.46916854856173
0.647902682874887,0.491596306949994,0.593791062477689,3,9.46916854856173
0.647916659184379,0.485515808850806,0.622865051642599,30,9.46916854856173
0.638886284675513,0.480898985714469,0.59653448653698,31,9.46916854856173
0.654355762814349,0.512098706535646,0.624516120108464,32,9.46916854856173
0.649869054479167,0.479872515215437,0.611560560384298,21,9.46916854856173
0.651220883032285,0.510676897118897,0.647214225105479,34,9.46916854856173
0.663321597025189,0.520128197847421,0.605641119672556,35,9.46916854856173
0.663150553894136,0.519236548327694,0.633156938592321,36,9.46916854856173
0.656735340237959,0.484817594195956,0.600452843918887,37,9.46916854856173
0.654586235020395,0.500610154747979,0.580082387656291,38,9.46916854856173
0.654058157375893,0.502935744201147,0.585455133707929,39,9.46916854856173
0.661216852631214,0.516698414530347,0.603407121535471,4,9.46916854856173
0.635018822219006,0.469726865668931,0.576175670351497,40,9.46916854856173
0.659562216554929,0.51814793865923,0.609726249314959,41,9.46916854856173
0.65089303128766,0.525360297353913,0.609544334165593,42,9.46916854856173
0.649553365571929,0.514149593015578,0.634853568715114,43,9.46916854856173
0.669866285431409,0.533457295652575,0.622179149650822,44,9.46916854856173
0.665447489648365,0.507726436443789,0.614548962912155,45,9.46916854856173
0.649125683357405,0.535462107792715,0.615873903273855,46,9.46916854856173
0.659775341287163,0.457032446533972,0.559136581044937,47,9.46916854856173
0.647039247511748,0.512569055368246,0.63070656692544,48,9.46916854856173
0.639439202938064,0.494825303139265,0.614042880633104,49,9.46916854856173
0.641629342119787,0.512913612889198,0.601937686547367,5,9.46916854856173
0.664435630627319,0.537118661246236,0.612658857791116,50,9.46916854856173
0.658235050874319,0.488902887870453,0.603862045787532,6,9.46916854856173
0.660179534567361,0.540889658256327,0.665835689627039,7,9.46916854856173
0.641682812871608,0.490793224534606,0.598919458060413,8,9.46916854856173
0.660428394237973,0.514745142740773,0.649715258192783,9,9.46916854856173
0.657456535220633,0.507256868768526,0.612007181278895,33,9.46916854856173
0.650629466294922,0.49852682645404,0.601153689317411,1,9.94010344853592
0.652118500429336,0.527625324369037,0.603831440660536,10,9.94010344853592
0.631868884916547,0.465531953564992,0.601612234775068,11,9.94010344853592
0.644505269908787,0.503954744194314,0.591149786732597,13,9.94010344853592
0.661356873992113,0.493685859523007,0.630449766515059,14,9.94010344853592
0.655309443002896,0.525719598182691,0.619697253457368,15,9.94010344853592
0.656964067323119,0.501245207497976,0.620117871082348,16,9.94010344853592
0.645573995418532,0.485326843014059,0.608354387362779,17,9.94010344853592
0.637690828265985,0.471773821350214,0.594806300398197,18,9.94010344853592
0.627623475626861,0.494182538807738,0.597066704613787,19,9.94010344853592
0.647049763815375,0.499900863342118,0.605979124928946,2,9.94010344853592
0.658521962130817,0.512134579559459,0.61615870019713,20,9.94010344853592
0.641059091927372,0.485286670153404,0.605359472962053,21,9.94010344853592
0.654130767114223,0.493123346183498,0.616282657988131,22,9.94010344853592
0.643649661032548,0.490734024253393,0.603194110767891,23,9.94010344853592
0.630669320149254,0.479970535224936,0.576867469528687,12,9.94010344853592
0.653379552447777,0.546801242562032,0.616184063142037,25,9.94010344853592
0.653503522086084,0.528241478130307,0.615560157340165,26,9.94010344853592
0.641864577660198,0.497180134106548,0.599260820440545,27,9.94010344853592
0.650375155100981,0.486365949219808,0.58267684631467,28,9.94010344853592
0.655442693258169,0.50927656688581,0.599861505613507,29,9.94010344853592
0.637366912473079,0.454871154330146,0.567610994956049,3,9.94010344853592
0.640058563288768,0.48627920666835,0.613843945253612,30,9.94010344853592
0.642255324946819,0.472838929491171,0.558440363380842,31,9.94010344853592
0.646781306215319,0.510868193081572,0.62206467885768,32,9.94010344853592
0.651819059857916,0.485995018585219,0.587751498215819,33,9.94010344853592
0.644368956979631,0.513245977095601,0.643312540598244,34,9.94010344853592
0.656530849404428,0.518518855825472,0.608416916990864,35,9.94010344853592
0.662278136826852,0.518250778331004,0.636493051751489,36,9.94010344853592
0.658654492216639,0.48342234570973,0.590200365363515,37,9.94010344853592
0.640743025644794,0.490127670984723,0.56443203495429,38,9.94010344853592
0.643680853920816,0.470858865344535,0.561110711597598,39,9.94010344853592
0.659836703417778,0.484387590159474,0.603924693390076,4,9.94010344853592
0.631481763833369,0.447270325652202,0.567906517093157,40,9.94010344853592
0.649108689427007,0.517175761904475,0.607612524934471,41,9.94010344853592
0.653323878328333,0.546747558388204,0.622911551108034,42,9.94010344853592
0.64124806430409,0.492506314494585,0.637970547474834,43,9.94010344853592
0.662605106272545,0.51895855351822,0.620829923248597,44,9.94010344853592
0.659045244719234,0.498081733749419,0.600238417167979,45,9.94010344853592
0.644990346831724,0.523666890829987,0.578439507680099,46,9.94010344853592
0.655616703211212,0.460158786856725,0.569125880000534,47,9.94010344853592
0.64611471802439,0.493602116212383,0.618765697792264,48,9.94010344853592
0.639036912129145,0.485305317611169,0.608487572963481,49,9.94010344853592
0.636102296297121,0.49260922196853,0.593650004905923,5,9.94010344853592
0.656724605081051,0.52360314899194,0.613197629872001,50,9.94010344853592
0.643365945444749,0.463721917234423,0.58747501977229,6,9.94010344853592
0.655032367784854,0.530312875149981,0.663146172789395,7,9.94010344853592
0.637217774931259,0.475541312670386,0.580901374010635,8,9.94010344853592
0.655726092936691,0.516504218394436,0.651371827432014,9,9.94010344853592
0.645277196960109,0.486780051467569,0.593257548055878,24,9.94010344853592
0.654126677173251,0.519745859502449,0.617349435352326,1,10.4222551949719
0.645474138163994,0.51638244128392,0.61643336589096,10,10.4222551949719
0.624027155079204,0.453186790537021,0.591072792579908,11,10.4222551949719
0.634906566793736,0.475029254436884,0.579784795236337,13,10.4222551949719
0.653649471000073,0.486344076795716,0.627237603553165,14,10.4222551949719
0.647656460586222,0.511533882110349,0.612062504356578,15,10.4222551949719
0.627783215167163,0.462471316194168,0.589333393694292,12,10.4222551949719
0.639520106483317,0.473735677623833,0.61006163182537,17,10.4222551949719
0.62976473537916,0.484007763657493,0.615862841888988,18,10.4222551949719
0.623783305630375,0.509412477410485,0.607430670019098,19,10.4222551949719
0.643983253179195,0.495149715814344,0.60657606970492,16,10.4222551949719
0.660333385085939,0.527356748619506,0.615855221864341,20,10.4222551949719
0.631286768983614,0.442726291216483,0.587632494890605,21,10.4222551949719
0.645917769763308,0.490352056638363,0.600705698787063,22,10.4222551949719
0.634697036867455,0.484148615220689,0.605865486612585,23,10.4222551949719
0.636652431978679,0.483440278945326,0.5888349975122,24,10.4222551949719
0.644114436224173,0.537334995333951,0.6131139865241,25,10.4222551949719
0.649932862140737,0.523276993042073,0.615674901818564,26,10.4222551949719
0.638013149315731,0.519796524504625,0.609185153231252,27,10.4222551949719
0.647421320135573,0.50620649388773,0.599261760417576,28,10.4222551949719
0.656563317667408,0.48897672877132,0.589602135403876,29,10.4222551949719
0.630029307240225,0.457451568888719,0.584255192015937,3,10.4222551949719
0.63878684933687,0.480543220458828,0.619476382021502,30,10.4222551949719
0.63682633594636,0.473823841680024,0.591857375066604,2,10.4222551949719
0.642499399273602,0.493853821115281,0.60811289866265,32,10.4222551949719
0.640645930799647,0.471736682806629,0.576453747746045,33,10.4222551949719
0.635246266157809,0.490177844558264,0.623740788030294,34,10.4222551949719
0.655489397405599,0.534763998164622,0.627580875481183,35,10.4222551949719
0.652189533391133,0.503087830760045,0.632295115319851,36,10.4222551949719
0.659148102123275,0.497381606323058,0.598400410905556,37,10.4222551949719
0.640139503935977,0.499450033608915,0.58828307693184,38,10.4222551949719
0.633546489632227,0.462271387552161,0.579188448827513,39,10.4222551949719
0.659116022581045,0.491515107265337,0.601334339207938,4,10.4222551949719
0.620122223267082,0.437572445573257,0.585823717283429,40,10.4222551949719
0.640424626251305,0.483376667759269,0.590821932912269,41,10.4222551949719
0.652950953227593,0.531471499905312,0.603937865731988,42,10.4222551949719
0.631599673685227,0.459030140925094,0.570915790635601,31,10.4222551949719
0.657974469910455,0.521648246204888,0.606850455742464,44,10.4222551949719
0.655013806252049,0.507778766265271,0.62382986520161,45,10.4222551949719
0.637939575899579,0.511164949255734,0.580713968028612,46,10.4222551949719
0.645442663872229,0.443781724563766,0.573494452349701,47,10.4222551949719
0.638323834730637,0.473978621005281,0.590919467446969,48,10.4222551949719
0.634074640386173,0.488573500998446,0.600466427152788,49,10.4222551949719
0.627032603594691,0.484441484306506,0.574924912309877,5,10.4222551949719
0.65194477745553,0.534784807801937,0.620598856220022,50,10.4222551949719
0.64695701512494,0.487813670044635,0.595128477207158,6,10.4222551949719
0.651544145068022,0.510161414111815,0.638400314491358,7,10.4222551949719
0.63330075119346,0.467634678319649,0.567933155943464,8,10.4222551949719
0.65054334293946,0.510076151563303,0.652657373837665,9,10.4222551949719
