country,year1,year2,index1,index2
ethiopia,2011,2015,0,329
ethiopia,2011,2015,1,330
ethiopia,2011,2015,2,331
ethiopia,2011,2015,3,332
ethiopia,2011,2015,4,333
ethiopia,2011,2015,5,334
ethiopia,2011,2015,6,335
ethiopia,2011,2015,7,336
ethiopia,2011,2015,8,337
ethiopia,2011,2015,9,338
ethiopia,2011,2015,10,339
ethiopia,2011,2015,11,340
ethiopia,2011,2015,12,341
ethiopia,2011,2015,13,342
ethiopia,2011,2015,14,343
ethiopia,2011,2015,15,344
ethiopia,2011,2015,16,345
ethiopia,2011,2015,17,346
ethiopia,2011,2015,18,347
ethiopia,2011,2015,19,348
ethiopia,2011,2015,20,349
ethiopia,2011,2015,21,350
ethiopia,2011,2015,22,351
ethiopia,2011,2015,23,352
ethiopia,2011,2015,24,353
ethiopia,2011,2015,25,354
ethiopia,2011,2015,26,355
ethiopia,2011,2015,27,356
ethiopia,2011,2015,28,357
ethiopia,2011,2015,29,358
ethiopia,2011,2015,30,359
ethiopia,2011,2015,31,360
ethiopia,2011,2015,32,361
ethiopia,2011,2015,33,362
ethiopia,2011,2015,34,363
ethiopia,2011,2015,35,364
ethiopia,2011,2015,36,365
ethiopia,2011,2015,37,366
ethiopia,2011,2015,38,367
ethiopia,2011,2015,39,368
ethiopia,2011,2015,40,369
ethiopia,2011,2015,41,370
ethiopia,2011,2015,42,371
ethiopia,2011,2015,43,372
ethiopia,2011,2015,44,373
ethiopia,2011,2015,45,374
ethiopia,2011,2015,46,375
ethiopia,2011,2015,47,376
ethiopia,2011,2015,48,377
ethiopia,2011,2015,49,378
ethiopia,2011,2015,50,379
ethiopia,2011,2015,51,380
ethiopia,2011,2015,52,381
ethiopia,2011,2015,53,382
ethiopia,2011,2015,54,383
ethiopia,2011,2015,55,384
ethiopia,2011,2015,56,385
ethiopia,2011,2015,57,386
ethiopia,2011,2015,58,387
ethiopia,2011,2015,59,388
ethiopia,2011,2015,60,389
ethiopia,2011,2015,61,390
ethiopia,2011,2015,62,391
ethiopia,2011,2015,63,392
ethiopia,2011,2015,64,393
ethiopia,2011,2015,65,394
ethiopia,2011,2015,66,395
ethiopia,2011,2015,67,396
ethiopia,2011,2015,68,397
ethiopia,2011,2015,69,398
ethiopia,2011,2015,70,399
ethiopia,2011,2015,71,400
ethiopia,2011,2015,72,401
ethiopia,2011,2015,73,402
ethiopia,2011,2015,74,403
ethiopia,2011,2015,75,404
ethiopia,2011,2015,76,405
ethiopia,2011,2015,77,406
ethiopia,2011,2015,78,407
ethiopia,2011,2015,79,408
ethiopia,2011,2015,80,409
ethiopia,2011,2015,81,410
ethiopia,2011,2015,82,411
ethiopia,2011,2015,83,412
ethiopia,2011,2015,84,413
ethiopia,2011,2015,85,414
ethiopia,2011,2015,86,415
ethiopia,2011,2015,87,416
ethiopia,2011,2015,88,417
ethiopia,2011,2015,89,418
ethiopia,2011,2015,90,419
ethiopia,2011,2015,91,420
ethiopia,2011,2015,92,421
ethiopia,2011,2015,93,422
ethiopia,2011,2015,94,423
ethiopia,2011,2015,95,424
ethiopia,2011,2015,96,425
ethiopia,2011,2015,97,426
ethiopia,2011,2015,98,427
ethiopia,2011,2015,99,428
ethiopia,2011,2015,100,429
ethiopia,2011,2015,101,430
ethiopia,2011,2015,102,431
ethiopia,2011,2015,103,432
ethiopia,2011,2015,104,433
ethiopia,2011,2015,105,434
ethiopia,2011,2015,106,435
ethiopia,2011,2015,107,436
ethiopia,2011,2015,108,437
ethiopia,2011,2015,109,438
ethiopia,2011,2015,110,439
ethiopia,2011,2015,111,440
ethiopia,2011,2015,112,441
ethiopia,2011,2015,113,442
ethiopia,2011,2015,114,443
ethiopia,2011,2015,115,444
ethiopia,2011,2015,116,445
ethiopia,2011,2015,117,446
ethiopia,2011,2015,118,447
ethiopia,2011,2015,119,448
ethiopia,2011,2015,120,449
ethiopia,2011,2015,121,450
ethiopia,2011,2015,122,451
ethiopia,2011,2015,123,452
ethiopia,2011,2015,124,453
ethiopia,2011,2015,125,454
ethiopia,2011,2015,126,455
ethiopia,2011,2015,127,456
ethiopia,2011,2015,128,457
ethiopia,2011,2015,129,458
ethiopia,2011,2015,130,459
ethiopia,2011,2015,131,460
ethiopia,2011,2015,132,461
ethiopia,2011,2015,133,463
ethiopia,2011,2015,134,464
ethiopia,2011,2015,135,465
ethiopia,2011,2015,136,466
ethiopia,2011,2015,137,467
ethiopia,2011,2015,138,468
ethiopia,2011,2015,139,469
ethiopia,2011,2015,140,470
ethiopia,2011,2015,141,471
ethiopia,2011,2015,142,472
ethiopia,2011,2015,143,473
ethiopia,2011,2015,144,474
ethiopia,2011,2015,145,475
ethiopia,2011,2015,146,476
ethiopia,2011,2015,147,477
ethiopia,2011,2015,148,478
ethiopia,2011,2015,149,479
ethiopia,2011,2015,150,480
ethiopia,2011,2015,151,481
ethiopia,2011,2015,152,482
ethiopia,2011,2015,153,483
ethiopia,2011,2015,154,484
ethiopia,2011,2015,155,485
ethiopia,2011,2015,156,486
ethiopia,2011,2015,157,487
ethiopia,2011,2015,158,488
ethiopia,2011,2015,159,489
ethiopia,2011,2015,160,490
ethiopia,2011,2015,161,491
ethiopia,2011,2015,162,492
ethiopia,2011,2015,163,493
ethiopia,2011,2015,164,494
ethiopia,2011,2015,165,495
ethiopia,2011,2015,166,496
ethiopia,2011,2015,167,497
ethiopia,2011,2015,168,498
ethiopia,2011,2015,169,499
ethiopia,2011,2015,170,500
ethiopia,2011,2015,171,501
ethiopia,2011,2015,172,502
ethiopia,2011,2015,173,503
ethiopia,2011,2015,174,504
ethiopia,2011,2015,175,505
ethiopia,2011,2015,176,506
ethiopia,2011,2015,177,507
ethiopia,2011,2015,178,508
ethiopia,2011,2015,179,509
ethiopia,2011,2015,180,510
ethiopia,2011,2015,181,511
ethiopia,2011,2015,182,512
ethiopia,2011,2015,183,513
ethiopia,2011,2015,184,514
ethiopia,2011,2015,185,515
ethiopia,2011,2015,186,516
ethiopia,2011,2015,187,517
ethiopia,2011,2015,188,518
ethiopia,2011,2015,189,519
ethiopia,2011,2015,190,520
ethiopia,2011,2015,191,521
ethiopia,2011,2015,192,522
ethiopia,2011,2015,193,523
ethiopia,2011,2015,194,524
ethiopia,2011,2015,195,525
ethiopia,2011,2015,196,526
ethiopia,2011,2015,197,527
ethiopia,2011,2015,198,528
ethiopia,2011,2015,199,529
ethiopia,2011,2015,200,530
ethiopia,2011,2015,201,531
ethiopia,2011,2015,202,532
ethiopia,2011,2015,203,533
ethiopia,2011,2015,204,534
ethiopia,2011,2015,205,535
ethiopia,2011,2015,206,536
ethiopia,2011,2015,207,537
ethiopia,2011,2015,208,538
ethiopia,2011,2015,209,539
ethiopia,2011,2015,210,540
ethiopia,2011,2015,211,541
ethiopia,2011,2015,212,542
ethiopia,2011,2015,213,543
ethiopia,2011,2015,214,544
ethiopia,2011,2015,215,545
ethiopia,2011,2015,216,546
ethiopia,2011,2015,217,547
ethiopia,2011,2015,218,548
ethiopia,2011,2015,219,549
ethiopia,2011,2015,220,550
ethiopia,2011,2015,221,551
ethiopia,2011,2015,222,552
ethiopia,2011,2015,223,553
ethiopia,2011,2015,224,554
ethiopia,2011,2015,225,555
ethiopia,2011,2015,226,556
ethiopia,2011,2015,227,557
ethiopia,2011,2015,228,558
ethiopia,2011,2015,229,559
ethiopia,2011,2015,230,560
ethiopia,2011,2015,231,561
ethiopia,2011,2015,232,562
ethiopia,2011,2015,233,563
ethiopia,2011,2015,234,564
ethiopia,2011,2015,235,565
ethiopia,2011,2015,236,566
ethiopia,2011,2015,237,567
ethiopia,2011,2015,238,568
ethiopia,2011,2015,239,569
ethiopia,2011,2015,240,570
ethiopia,2011,2015,241,571
ethiopia,2011,2015,242,572
ethiopia,2011,2015,243,573
ethiopia,2011,2015,244,574
ethiopia,2011,2015,245,575
ethiopia,2011,2015,246,576
ethiopia,2011,2015,247,577
ethiopia,2011,2015,248,578
ethiopia,2011,2015,249,579
ethiopia,2011,2015,250,580
ethiopia,2011,2015,251,581
ethiopia,2011,2015,252,582
ethiopia,2011,2015,253,583
ethiopia,2011,2015,254,584
ethiopia,2011,2015,255,585
ethiopia,2011,2015,256,586
ethiopia,2011,2015,257,587
ethiopia,2011,2015,258,588
ethiopia,2011,2015,259,589
ethiopia,2011,2015,260,590
ethiopia,2011,2015,261,591
ethiopia,2011,2015,262,592
ethiopia,2011,2015,263,593
ethiopia,2011,2015,264,594
ethiopia,2011,2015,265,595
ethiopia,2011,2015,266,596
ethiopia,2011,2015,267,597
ethiopia,2011,2015,268,598
ethiopia,2011,2015,269,599
ethiopia,2011,2015,270,600
ethiopia,2011,2015,271,601
ethiopia,2011,2015,272,602
ethiopia,2011,2015,273,603
ethiopia,2011,2015,274,604
ethiopia,2011,2015,275,605
ethiopia,2011,2015,276,606
ethiopia,2011,2015,277,607
ethiopia,2011,2015,278,608
ethiopia,2011,2015,279,609
ethiopia,2011,2015,280,610
ethiopia,2011,2015,281,611
ethiopia,2011,2015,282,612
ethiopia,2011,2015,283,613
ethiopia,2011,2015,284,614
ethiopia,2011,2015,285,615
ethiopia,2011,2015,286,616
ethiopia,2011,2015,287,617
ethiopia,2011,2015,288,619
ethiopia,2011,2015,289,620
ethiopia,2011,2015,290,621
ethiopia,2011,2015,291,622
ethiopia,2011,2015,292,623
ethiopia,2011,2015,293,624
ethiopia,2011,2015,294,625
ethiopia,2011,2015,295,626
ethiopia,2011,2015,296,627
ethiopia,2011,2015,297,628
ethiopia,2011,2015,298,629
ethiopia,2011,2015,299,630
ethiopia,2011,2015,300,631
ethiopia,2011,2015,301,632
ethiopia,2011,2015,302,633
ethiopia,2011,2015,303,634
ethiopia,2011,2015,304,635
ethiopia,2011,2015,305,636
ethiopia,2011,2015,306,637
ethiopia,2011,2015,307,638
ethiopia,2011,2015,308,639
ethiopia,2011,2015,309,640
ethiopia,2011,2015,310,641
ethiopia,2011,2015,311,642
ethiopia,2011,2015,312,643
ethiopia,2011,2015,313,644
ethiopia,2011,2015,314,645
ethiopia,2011,2015,315,646
ethiopia,2011,2015,316,647
ethiopia,2011,2015,317,648
ethiopia,2011,2015,318,649
ethiopia,2011,2015,320,650
ethiopia,2011,2015,321,651
ethiopia,2011,2015,322,652
ethiopia,2011,2015,323,653
ethiopia,2011,2015,324,654
ethiopia,2011,2015,326,655
ethiopia,2011,2015,327,656
ethiopia,2011,2015,328,657
malawi,2010,2016,658,812
malawi,2010,2016,659,813
malawi,2010,2016,660,814
malawi,2010,2016,661,815
malawi,2010,2016,662,816
malawi,2010,2016,663,817
malawi,2010,2016,664,818
malawi,2010,2016,665,819
malawi,2010,2016,666,820
malawi,2010,2016,667,821
malawi,2010,2016,668,822
malawi,2010,2016,669,823
malawi,2010,2016,670,824
malawi,2010,2016,671,825
malawi,2010,2016,672,826
malawi,2010,2016,673,827
malawi,2010,2016,674,828
malawi,2010,2016,675,829
malawi,2010,2016,676,830
malawi,2010,2016,677,831
malawi,2010,2016,678,832
malawi,2010,2016,679,833
malawi,2010,2016,680,834
malawi,2010,2016,681,835
malawi,2010,2016,682,836
malawi,2010,2016,683,837
malawi,2010,2016,684,838
malawi,2010,2016,685,839
malawi,2010,2016,686,840
malawi,2010,2016,687,841
malawi,2010,2016,688,842
malawi,2010,2016,689,843
malawi,2010,2016,690,844
malawi,2010,2016,691,845
malawi,2010,2016,692,846
malawi,2010,2016,693,847
malawi,2010,2016,694,848
malawi,2010,2016,695,849
malawi,2010,2016,696,850
malawi,2010,2016,697,851
malawi,2010,2016,698,852
malawi,2010,2016,699,853
malawi,2010,2016,700,854
malawi,2010,2016,701,855
malawi,2010,2016,702,856
malawi,2010,2016,703,857
malawi,2010,2016,704,858
malawi,2010,2016,705,859
malawi,2010,2016,706,860
malawi,2010,2016,707,861
malawi,2010,2016,708,760
malawi,2010,2016,709,761
malawi,2010,2016,710,762
malawi,2010,2016,711,763
malawi,2010,2016,712,764
malawi,2010,2016,713,765
malawi,2010,2016,714,766
malawi,2010,2016,715,767
malawi,2010,2016,716,768
malawi,2010,2016,717,769
malawi,2010,2016,718,770
malawi,2010,2016,719,771
malawi,2010,2016,720,772
malawi,2010,2016,721,773
malawi,2010,2016,722,774
malawi,2010,2016,723,775
malawi,2010,2016,724,776
malawi,2010,2016,725,777
malawi,2010,2016,726,778
malawi,2010,2016,727,779
malawi,2010,2016,728,780
malawi,2010,2016,729,781
malawi,2010,2016,730,782
malawi,2010,2016,731,783
malawi,2010,2016,732,784
malawi,2010,2016,733,785
malawi,2010,2016,734,786
malawi,2010,2016,735,787
malawi,2010,2016,736,788
malawi,2010,2016,737,789
malawi,2010,2016,738,790
malawi,2010,2016,739,791
malawi,2010,2016,740,792
malawi,2010,2016,741,793
malawi,2010,2016,742,794
malawi,2010,2016,743,795
malawi,2010,2016,744,796
malawi,2010,2016,745,797
malawi,2010,2016,746,798
malawi,2010,2016,747,799
malawi,2010,2016,748,800
malawi,2010,2016,749,801
malawi,2010,2016,750,802
malawi,2010,2016,751,803
malawi,2010,2016,752,804
malawi,2010,2016,753,805
malawi,2010,2016,754,806
malawi,2010,2016,755,807
malawi,2010,2016,756,808
malawi,2010,2016,757,809
malawi,2010,2016,758,810
malawi,2010,2016,759,811
nigeria,2010,2015,862,1343
nigeria,2010,2015,863,1344
nigeria,2010,2015,864,1345
nigeria,2010,2015,865,1346
nigeria,2010,2015,866,1347
nigeria,2010,2015,867,1348
nigeria,2010,2015,868,1349
nigeria,2010,2015,869,1350
nigeria,2010,2015,870,1351
nigeria,2010,2015,871,1352
nigeria,2010,2015,872,1353
nigeria,2010,2015,873,1354
nigeria,2010,2015,874,1355
nigeria,2010,2015,875,1356
nigeria,2010,2015,876,1357
nigeria,2010,2015,877,1358
nigeria,2010,2015,878,1359
nigeria,2010,2015,879,1360
nigeria,2010,2015,880,1361
nigeria,2010,2015,881,1362
nigeria,2010,2015,882,1363
nigeria,2010,2015,883,1364
nigeria,2010,2015,884,1365
nigeria,2010,2015,885,1366
nigeria,2010,2015,886,1367
nigeria,2010,2015,887,1368
nigeria,2010,2015,888,1369
nigeria,2010,2015,889,1370
nigeria,2010,2015,890,1371
nigeria,2010,2015,891,1372
nigeria,2010,2015,892,1373
nigeria,2010,2015,893,1374
nigeria,2010,2015,894,1375
nigeria,2010,2015,895,1376
nigeria,2010,2015,896,1377
nigeria,2010,2015,897,1378
nigeria,2010,2015,898,1379
nigeria,2010,2015,899,1380
nigeria,2010,2015,900,1381
nigeria,2010,2015,901,1382
nigeria,2010,2015,902,1383
nigeria,2010,2015,903,1384
nigeria,2010,2015,904,1385
nigeria,2010,2015,905,1386
nigeria,2010,2015,906,1387
nigeria,2010,2015,907,1388
nigeria,2010,2015,908,1389
nigeria,2010,2015,909,1390
nigeria,2010,2015,910,1391
nigeria,2010,2015,911,1392
nigeria,2010,2015,912,1393
nigeria,2010,2015,913,1394
nigeria,2010,2015,914,1395
nigeria,2010,2015,915,1396
nigeria,2010,2015,916,1397
nigeria,2010,2015,917,1398
nigeria,2010,2015,918,1399
nigeria,2010,2015,919,1400
nigeria,2010,2015,920,1401
nigeria,2010,2015,921,1402
nigeria,2010,2015,922,1403
nigeria,2010,2015,923,1404
nigeria,2010,2015,924,1405
nigeria,2010,2015,925,1406
nigeria,2010,2015,926,1407
nigeria,2010,2015,927,1408
nigeria,2010,2015,928,1409
nigeria,2010,2015,929,1410
nigeria,2010,2015,930,1411
nigeria,2010,2015,931,1412
nigeria,2010,2015,932,1413
nigeria,2010,2015,933,1414
nigeria,2010,2015,934,1415
nigeria,2010,2015,935,1416
nigeria,2010,2015,936,1417
nigeria,2010,2015,937,1418
nigeria,2010,2015,938,1419
nigeria,2010,2015,939,1420
nigeria,2010,2015,940,1421
nigeria,2010,2015,941,1422
nigeria,2010,2015,942,1423
nigeria,2010,2015,943,1424
nigeria,2010,2015,944,1425
nigeria,2010,2015,945,1426
nigeria,2010,2015,946,1427
nigeria,2010,2015,947,1428
nigeria,2010,2015,948,1429
nigeria,2010,2015,949,1430
nigeria,2010,2015,950,1431
nigeria,2010,2015,951,1432
nigeria,2010,2015,952,1433
nigeria,2010,2015,953,1434
nigeria,2010,2015,954,1435
nigeria,2010,2015,955,1436
nigeria,2010,2015,956,1437
nigeria,2010,2015,957,1438
nigeria,2010,2015,958,1439
nigeria,2010,2015,959,1440
nigeria,2010,2015,960,1441
nigeria,2010,2015,961,1442
nigeria,2010,2015,962,1443
nigeria,2010,2015,963,1444
nigeria,2010,2015,964,1445
nigeria,2010,2015,965,1446
nigeria,2010,2015,966,1447
nigeria,2010,2015,967,1448
nigeria,2010,2015,968,1449
nigeria,2010,2015,969,1450
nigeria,2010,2015,970,1451
nigeria,2010,2015,971,1452
nigeria,2010,2015,972,1453
nigeria,2010,2015,973,1454
nigeria,2010,2015,974,1455
nigeria,2010,2015,975,1456
nigeria,2010,2015,976,1457
nigeria,2010,2015,977,1458
nigeria,2010,2015,978,1459
nigeria,2010,2015,979,1460
nigeria,2010,2015,980,1461
nigeria,2010,2015,981,1462
nigeria,2010,2015,982,1463
nigeria,2010,2015,983,1464
nigeria,2010,2015,984,1465
nigeria,2010,2015,985,1466
nigeria,2010,2015,986,1467
nigeria,2010,2015,987,1468
nigeria,2010,2015,988,1469
nigeria,2010,2015,989,1470
nigeria,2010,2015,990,1471
nigeria,2010,2015,991,1472
nigeria,2010,2015,992,1473
nigeria,2010,2015,993,1474
nigeria,2010,2015,994,1475
nigeria,2010,2015,995,1476
nigeria,2010,2015,996,1477
nigeria,2010,2015,997,1478
nigeria,2010,2015,998,1479
nigeria,2010,2015,999,1480
nigeria,2010,2015,1000,1481
nigeria,2010,2015,1001,1482
nigeria,2010,2015,1002,1483
nigeria,2010,2015,1003,1484
nigeria,2010,2015,1004,1485
nigeria,2010,2015,1005,1486
nigeria,2010,2015,1006,1487
nigeria,2010,2015,1007,1488
nigeria,2010,2015,1008,1489
nigeria,2010,2015,1009,1490
nigeria,2010,2015,1010,1491
nigeria,2010,2015,1011,1492
nigeria,2010,2015,1012,1493
nigeria,2010,2015,1013,1494
nigeria,2010,2015,1014,1495
nigeria,2010,2015,1015,1496
nigeria,2010,2015,1016,1497
nigeria,2010,2015,1017,1498
nigeria,2010,2015,1018,1499
nigeria,2010,2015,1019,1500
nigeria,2010,2015,1020,1501
nigeria,2010,2015,1021,1502
nigeria,2010,2015,1022,1503
nigeria,2010,2015,1023,1504
nigeria,2010,2015,1024,1505
nigeria,2010,2015,1025,1506
nigeria,2010,2015,1026,1507
nigeria,2010,2015,1027,1508
nigeria,2010,2015,1028,1509
nigeria,2010,2015,1029,1510
nigeria,2010,2015,1030,1511
nigeria,2010,2015,1031,1512
nigeria,2010,2015,1032,1513
nigeria,2010,2015,1033,1514
nigeria,2010,2015,1034,1515
nigeria,2010,2015,1035,1516
nigeria,2010,2015,1036,1517
nigeria,2010,2015,1037,1518
nigeria,2010,2015,1038,1519
nigeria,2010,2015,1039,1520
nigeria,2010,2015,1040,1521
nigeria,2010,2015,1041,1522
nigeria,2010,2015,1042,1523
nigeria,2010,2015,1043,1524
nigeria,2010,2015,1044,1525
nigeria,2010,2015,1045,1526
nigeria,2010,2015,1046,1527
nigeria,2010,2015,1047,1528
nigeria,2010,2015,1048,1529
nigeria,2010,2015,1049,1530
nigeria,2010,2015,1050,1531
nigeria,2010,2015,1051,1532
nigeria,2010,2015,1052,1533
nigeria,2010,2015,1053,1534
nigeria,2010,2015,1054,1535
nigeria,2010,2015,1055,1536
nigeria,2010,2015,1056,1537
nigeria,2010,2015,1057,1538
nigeria,2010,2015,1058,1539
nigeria,2010,2015,1059,1540
nigeria,2010,2015,1060,1541
nigeria,2010,2015,1061,1542
nigeria,2010,2015,1062,1543
nigeria,2010,2015,1063,1544
nigeria,2010,2015,1064,1545
nigeria,2010,2015,1065,1546
nigeria,2010,2015,1066,1547
nigeria,2010,2015,1067,1548
nigeria,2010,2015,1068,1549
nigeria,2010,2015,1069,1550
nigeria,2010,2015,1070,1551
nigeria,2010,2015,1071,1552
nigeria,2010,2015,1072,1553
nigeria,2010,2015,1073,1554
nigeria,2010,2015,1074,1555
nigeria,2010,2015,1075,1556
nigeria,2010,2015,1076,1557
nigeria,2010,2015,1077,1558
nigeria,2010,2015,1078,1559
nigeria,2010,2015,1079,1560
nigeria,2010,2015,1080,1561
nigeria,2010,2015,1081,1562
nigeria,2010,2015,1082,1563
nigeria,2010,2015,1083,1564
nigeria,2010,2015,1084,1565
nigeria,2010,2015,1085,1566
nigeria,2010,2015,1086,1567
nigeria,2010,2015,1087,1568
nigeria,2010,2015,1088,1569
nigeria,2010,2015,1089,1570
nigeria,2010,2015,1090,1571
nigeria,2010,2015,1091,1572
nigeria,2010,2015,1092,1573
nigeria,2010,2015,1093,1574
nigeria,2010,2015,1094,1575
nigeria,2010,2015,1095,1576
nigeria,2010,2015,1096,1577
nigeria,2010,2015,1097,1578
nigeria,2010,2015,1098,1579
nigeria,2010,2015,1099,1580
nigeria,2010,2015,1100,1581
nigeria,2010,2015,1101,1582
nigeria,2010,2015,1102,1583
nigeria,2010,2015,1103,1584
nigeria,2010,2015,1104,1585
nigeria,2010,2015,1105,1586
nigeria,2010,2015,1106,1587
nigeria,2010,2015,1107,1588
nigeria,2010,2015,1108,1589
nigeria,2010,2015,1109,1590
nigeria,2010,2015,1110,1591
nigeria,2010,2015,1111,1592
nigeria,2010,2015,1112,1593
nigeria,2010,2015,1113,1594
nigeria,2010,2015,1114,1595
nigeria,2010,2015,1115,1596
nigeria,2010,2015,1116,1597
nigeria,2010,2015,1117,1598
nigeria,2010,2015,1118,1599
nigeria,2010,2015,1119,1600
nigeria,2010,2015,1120,1601
nigeria,2010,2015,1121,1602
nigeria,2010,2015,1122,1603
nigeria,2010,2015,1123,1604
nigeria,2010,2015,1124,1605
nigeria,2010,2015,1125,1606
nigeria,2010,2015,1126,1607
nigeria,2010,2015,1127,1608
nigeria,2010,2015,1128,1609
nigeria,2010,2015,1129,1610
nigeria,2010,2015,1130,1611
nigeria,2010,2015,1131,1612
nigeria,2010,2015,1132,1613
nigeria,2010,2015,1133,1614
nigeria,2010,2015,1134,1615
nigeria,2010,2015,1135,1616
nigeria,2010,2015,1136,1617
nigeria,2010,2015,1137,1618
nigeria,2010,2015,1138,1619
nigeria,2010,2015,1139,1620
nigeria,2010,2015,1140,1621
nigeria,2010,2015,1141,1622
nigeria,2010,2015,1142,1623
nigeria,2010,2015,1143,1624
nigeria,2010,2015,1144,1625
nigeria,2010,2015,1145,1626
nigeria,2010,2015,1146,1627
nigeria,2010,2015,1147,1628
nigeria,2010,2015,1148,1629
nigeria,2010,2015,1149,1630
nigeria,2010,2015,1150,1631
nigeria,2010,2015,1151,1632
nigeria,2010,2015,1152,1633
nigeria,2010,2015,1153,1634
nigeria,2010,2015,1154,1635
nigeria,2010,2015,1155,1636
nigeria,2010,2015,1156,1637
nigeria,2010,2015,1157,1638
nigeria,2010,2015,1158,1639
nigeria,2010,2015,1159,1640
nigeria,2010,2015,1160,1641
nigeria,2010,2015,1161,1642
nigeria,2010,2015,1162,1643
nigeria,2010,2015,1163,1644
nigeria,2010,2015,1164,1645
nigeria,2010,2015,1165,1646
nigeria,2010,2015,1166,1647
nigeria,2010,2015,1167,1648
nigeria,2010,2015,1168,1649
nigeria,2010,2015,1169,1650
nigeria,2010,2015,1170,1651
nigeria,2010,2015,1171,1652
nigeria,2010,2015,1172,1653
nigeria,2010,2015,1173,1654
nigeria,2010,2015,1174,1655
nigeria,2010,2015,1175,1656
nigeria,2010,2015,1176,1657
nigeria,2010,2015,1177,1658
nigeria,2010,2015,1178,1659
nigeria,2010,2015,1179,1660
nigeria,2010,2015,1180,1661
nigeria,2010,2015,1181,1662
nigeria,2010,2015,1182,1663
nigeria,2010,2015,1183,1664
nigeria,2010,2015,1184,1665
nigeria,2010,2015,1185,1666
nigeria,2010,2015,1186,1667
nigeria,2010,2015,1187,1668
nigeria,2010,2015,1188,1669
nigeria,2010,2015,1189,1670
nigeria,2010,2015,1190,1671
nigeria,2010,2015,1191,1672
nigeria,2010,2015,1192,1673
nigeria,2010,2015,1193,1674
nigeria,2010,2015,1194,1675
nigeria,2010,2015,1195,1676
nigeria,2010,2015,1196,1677
nigeria,2010,2015,1197,1678
nigeria,2010,2015,1198,1679
nigeria,2010,2015,1199,1680
nigeria,2010,2015,1200,1681
nigeria,2010,2015,1201,1682
nigeria,2010,2015,1202,1683
nigeria,2010,2015,1204,1684
nigeria,2010,2015,1205,1685
nigeria,2010,2015,1206,1687
nigeria,2010,2015,1207,1688
nigeria,2010,2015,1208,1689
nigeria,2010,2015,1209,1690
nigeria,2010,2015,1210,1691
nigeria,2010,2015,1211,1692
nigeria,2010,2015,1212,1693
nigeria,2010,2015,1213,1694
nigeria,2010,2015,1214,1695
nigeria,2010,2015,1215,1696
nigeria,2010,2015,1216,1697
nigeria,2010,2015,1217,1698
nigeria,2010,2015,1218,1699
nigeria,2010,2015,1219,1700
nigeria,2010,2015,1220,1701
nigeria,2010,2015,1221,1702
nigeria,2010,2015,1222,1703
nigeria,2010,2015,1223,1704
nigeria,2010,2015,1224,1705
nigeria,2010,2015,1225,1706
nigeria,2010,2015,1226,1707
nigeria,2010,2015,1227,1708
nigeria,2010,2015,1228,1709
nigeria,2010,2015,1229,1710
nigeria,2010,2015,1230,1711
nigeria,2010,2015,1231,1712
nigeria,2010,2015,1232,1713
nigeria,2010,2015,1233,1714
nigeria,2010,2015,1234,1715
nigeria,2010,2015,1235,1716
nigeria,2010,2015,1236,1717
nigeria,2010,2015,1237,1718
nigeria,2010,2015,1238,1719
nigeria,2010,2015,1239,1720
nigeria,2010,2015,1240,1721
nigeria,2010,2015,1241,1722
nigeria,2010,2015,1242,1723
nigeria,2010,2015,1243,1724
nigeria,2010,2015,1244,1725
nigeria,2010,2015,1245,1726
nigeria,2010,2015,1246,1727
nigeria,2010,2015,1247,1728
nigeria,2010,2015,1248,1729
nigeria,2010,2015,1249,1730
nigeria,2010,2015,1250,1731
nigeria,2010,2015,1251,1732
nigeria,2010,2015,1252,1733
nigeria,2010,2015,1253,1734
nigeria,2010,2015,1254,1735
nigeria,2010,2015,1255,1736
nigeria,2010,2015,1256,1737
nigeria,2010,2015,1257,1738
nigeria,2010,2015,1258,1739
nigeria,2010,2015,1259,1740
nigeria,2010,2015,1260,1741
nigeria,2010,2015,1261,1742
nigeria,2010,2015,1262,1743
nigeria,2010,2015,1263,1744
nigeria,2010,2015,1264,1745
nigeria,2010,2015,1265,1746
nigeria,2010,2015,1266,1747
nigeria,2010,2015,1267,1748
nigeria,2010,2015,1268,1749
nigeria,2010,2015,1269,1750
nigeria,2010,2015,1270,1751
nigeria,2010,2015,1271,1752
nigeria,2010,2015,1272,1753
nigeria,2010,2015,1273,1754
nigeria,2010,2015,1274,1755
nigeria,2010,2015,1275,1756
nigeria,2010,2015,1276,1757
nigeria,2010,2015,1277,1758
nigeria,2010,2015,1278,1759
nigeria,2010,2015,1279,1760
nigeria,2010,2015,1280,1761
nigeria,2010,2015,1281,1762
nigeria,2010,2015,1282,1763
nigeria,2010,2015,1283,1764
nigeria,2010,2015,1284,1765
nigeria,2010,2015,1285,1766
nigeria,2010,2015,1286,1767
nigeria,2010,2015,1287,1768
nigeria,2010,2015,1288,1769
nigeria,2010,2015,1289,1770
nigeria,2010,2015,1290,1771
nigeria,2010,2015,1291,1772
nigeria,2010,2015,1292,1773
nigeria,2010,2015,1293,1774
nigeria,2010,2015,1294,1775
nigeria,2010,2015,1295,1776
nigeria,2010,2015,1296,1777
nigeria,2010,2015,1297,1778
nigeria,2010,2015,1298,1779
nigeria,2010,2015,1299,1780
nigeria,2010,2015,1300,1781
nigeria,2010,2015,1301,1782
nigeria,2010,2015,1302,1783
nigeria,2010,2015,1303,1784
nigeria,2010,2015,1304,1785
nigeria,2010,2015,1305,1786
nigeria,2010,2015,1306,1787
nigeria,2010,2015,1307,1788
nigeria,2010,2015,1308,1789
nigeria,2010,2015,1309,1790
nigeria,2010,2015,1310,1791
nigeria,2010,2015,1311,1792
nigeria,2010,2015,1312,1793
nigeria,2010,2015,1313,1794
nigeria,2010,2015,1314,1795
nigeria,2010,2015,1315,1796
nigeria,2010,2015,1316,1797
nigeria,2010,2015,1317,1798
nigeria,2010,2015,1318,1799
nigeria,2010,2015,1319,1800
nigeria,2010,2015,1320,1801
nigeria,2010,2015,1321,1802
nigeria,2010,2015,1322,1803
nigeria,2010,2015,1323,1804
nigeria,2010,2015,1324,1805
nigeria,2010,2015,1325,1806
nigeria,2010,2015,1326,1807
nigeria,2010,2015,1327,1808
nigeria,2010,2015,1328,1809
nigeria,2010,2015,1329,1810
nigeria,2010,2015,1330,1811
nigeria,2010,2015,1331,1812
nigeria,2010,2015,1332,1813
nigeria,2010,2015,1333,1814
nigeria,2010,2015,1334,1815
nigeria,2010,2015,1335,1816
nigeria,2010,2015,1336,1817
nigeria,2010,2015,1337,1818
nigeria,2010,2015,1338,1819
nigeria,2010,2015,1339,1820
nigeria,2010,2015,1340,1821
nigeria,2010,2015,1341,1822
nigeria,2010,2015,1342,1823
tanzania,2008,2012,1824,2195
tanzania,2008,2012,1825,2196
tanzania,2008,2012,1826,2205
tanzania,2008,2012,1827,2291
tanzania,2008,2012,1828,2292
tanzania,2008,2012,1829,2293
tanzania,2008,2012,1830,2294
tanzania,2008,2012,1832,2295
tanzania,2008,2012,1833,2296
tanzania,2008,2012,1834,2297
tanzania,2008,2012,1835,2298
tanzania,2008,2012,1836,2299
tanzania,2008,2012,1837,2206
tanzania,2008,2012,1838,2300
tanzania,2008,2012,1840,2301
tanzania,2008,2012,1841,2302
tanzania,2008,2012,1842,2303
tanzania,2008,2012,1843,2304
tanzania,2008,2012,1845,2305
tanzania,2008,2012,1846,2306
tanzania,2008,2012,1847,2307
tanzania,2008,2012,1848,2207
tanzania,2008,2012,1850,2308
tanzania,2008,2012,1851,2309
tanzania,2008,2012,1852,2310
tanzania,2008,2012,1853,2311
tanzania,2008,2012,1854,2312
tanzania,2008,2012,1855,2313
tanzania,2008,2012,1856,2314
tanzania,2008,2012,1857,2315
tanzania,2008,2012,1859,2208
tanzania,2008,2012,1860,2316
tanzania,2008,2012,1861,2317
tanzania,2008,2012,1862,2318
tanzania,2008,2012,1864,2319
tanzania,2008,2012,1865,2320
tanzania,2008,2012,1866,2321
tanzania,2008,2012,1867,2322
tanzania,2008,2012,1869,2323
tanzania,2008,2012,1870,2209
tanzania,2008,2012,1871,2324
tanzania,2008,2012,1872,2325
tanzania,2008,2012,1873,2326
tanzania,2008,2012,1875,2327
tanzania,2008,2012,1876,2328
tanzania,2008,2012,1877,2329
tanzania,2008,2012,1878,2330
tanzania,2008,2012,1879,2331
tanzania,2008,2012,1880,2332
tanzania,2008,2012,1881,2210
tanzania,2008,2012,1882,2333
tanzania,2008,2012,1884,2334
tanzania,2008,2012,1885,2335
tanzania,2008,2012,1888,2336
tanzania,2008,2012,1889,2337
tanzania,2008,2012,1890,2338
tanzania,2008,2012,1891,2339
tanzania,2008,2012,1892,2211
tanzania,2008,2012,1894,2340
tanzania,2008,2012,1895,2341
tanzania,2008,2012,1896,2342
tanzania,2008,2012,1897,2343
tanzania,2008,2012,1898,2344
tanzania,2008,2012,1899,2345
tanzania,2008,2012,1900,2346
tanzania,2008,2012,1901,2347
tanzania,2008,2012,1902,2348
tanzania,2008,2012,1903,2212
tanzania,2008,2012,1905,2349
tanzania,2008,2012,1906,2350
tanzania,2008,2012,1907,2351
tanzania,2008,2012,1909,2352
tanzania,2008,2012,1910,2353
tanzania,2008,2012,1911,2354
tanzania,2008,2012,1912,2355
tanzania,2008,2012,1913,2356
tanzania,2008,2012,1914,2213
tanzania,2008,2012,1915,2357
tanzania,2008,2012,1916,2358
tanzania,2008,2012,1917,2359
tanzania,2008,2012,1919,2360
tanzania,2008,2012,1920,2361
tanzania,2008,2012,1921,2362
tanzania,2008,2012,1922,2363
tanzania,2008,2012,1924,2364
tanzania,2008,2012,1925,2214
tanzania,2008,2012,1926,2365
tanzania,2008,2012,1927,2366
tanzania,2008,2012,1928,2367
tanzania,2008,2012,1929,2368
tanzania,2008,2012,1930,2369
tanzania,2008,2012,1931,2370
tanzania,2008,2012,1932,2371
tanzania,2008,2012,1933,2372
tanzania,2008,2012,1934,2373
tanzania,2008,2012,1935,2374
tanzania,2008,2012,1936,2197
tanzania,2008,2012,1937,2215
tanzania,2008,2012,1938,2375
tanzania,2008,2012,1939,2376
tanzania,2008,2012,1940,2377
tanzania,2008,2012,1941,2378
tanzania,2008,2012,1942,2379
tanzania,2008,2012,1943,2380
tanzania,2008,2012,1945,2381
tanzania,2008,2012,1946,2382
tanzania,2008,2012,1947,2384
tanzania,2008,2012,1948,2216
tanzania,2008,2012,1949,2385
tanzania,2008,2012,1951,2386
tanzania,2008,2012,1952,2387
tanzania,2008,2012,1953,2388
tanzania,2008,2012,1954,2389
tanzania,2008,2012,1955,2390
tanzania,2008,2012,1956,2391
tanzania,2008,2012,1958,2393
tanzania,2008,2012,1959,2217
tanzania,2008,2012,1960,2394
tanzania,2008,2012,1962,2395
tanzania,2008,2012,1964,2396
tanzania,2008,2012,1966,2397
tanzania,2008,2012,1967,2398
tanzania,2008,2012,1968,2399
tanzania,2008,2012,1969,2400
tanzania,2008,2012,1970,2218
tanzania,2008,2012,1971,2401
tanzania,2008,2012,1972,2402
tanzania,2008,2012,1973,2403
tanzania,2008,2012,1975,2404
tanzania,2008,2012,1976,2406
tanzania,2008,2012,1977,2407
tanzania,2008,2012,1979,2408
tanzania,2008,2012,1980,2409
tanzania,2008,2012,1981,2219
tanzania,2008,2012,1983,2410
tanzania,2008,2012,1984,2411
tanzania,2008,2012,1985,2412
tanzania,2008,2012,1986,2413
tanzania,2008,2012,1987,2414
tanzania,2008,2012,1988,2415
tanzania,2008,2012,1989,2416
tanzania,2008,2012,1990,2417
tanzania,2008,2012,1991,2418
tanzania,2008,2012,1992,2220
tanzania,2008,2012,1993,2419
tanzania,2008,2012,1994,2420
tanzania,2008,2012,1995,2421
tanzania,2008,2012,1996,2422
tanzania,2008,2012,1997,2423
tanzania,2008,2012,1998,2424
tanzania,2008,2012,1999,2425
tanzania,2008,2012,2000,2426
tanzania,2008,2012,2001,2427
tanzania,2008,2012,2002,2428
tanzania,2008,2012,2003,2221
tanzania,2008,2012,2004,2429
tanzania,2008,2012,2005,2430
tanzania,2008,2012,2006,2431
tanzania,2008,2012,2007,2432
tanzania,2008,2012,2009,2433
tanzania,2008,2012,2010,2434
tanzania,2008,2012,2011,2435
tanzania,2008,2012,2012,2436
tanzania,2008,2012,2013,2437
tanzania,2008,2012,2014,2222
tanzania,2008,2012,2015,2438
tanzania,2008,2012,2016,2439
tanzania,2008,2012,2017,2440
tanzania,2008,2012,2018,2441
tanzania,2008,2012,2020,2442
tanzania,2008,2012,2021,2443
tanzania,2008,2012,2022,2444
tanzania,2008,2012,2023,2445
tanzania,2008,2012,2024,2446
tanzania,2008,2012,2025,2223
tanzania,2008,2012,2026,2447
tanzania,2008,2012,2027,2448
tanzania,2008,2012,2028,2449
tanzania,2008,2012,2029,2450
tanzania,2008,2012,2030,2451
tanzania,2008,2012,2031,2452
tanzania,2008,2012,2033,2453
tanzania,2008,2012,2034,2454
tanzania,2008,2012,2035,2455
tanzania,2008,2012,2036,2225
tanzania,2008,2012,2037,2456
tanzania,2008,2012,2038,2457
tanzania,2008,2012,2040,2458
tanzania,2008,2012,2041,2459
tanzania,2008,2012,2042,2460
tanzania,2008,2012,2043,2461
tanzania,2008,2012,2044,2462
tanzania,2008,2012,2045,2463
tanzania,2008,2012,2046,2464
tanzania,2008,2012,2047,2198
tanzania,2008,2012,2048,2226
tanzania,2008,2012,2049,2465
tanzania,2008,2012,2050,2466
tanzania,2008,2012,2051,2467
tanzania,2008,2012,2052,2468
tanzania,2008,2012,2053,2469
tanzania,2008,2012,2054,2470
tanzania,2008,2012,2055,2471
tanzania,2008,2012,2056,2472
tanzania,2008,2012,2057,2473
tanzania,2008,2012,2058,2474
tanzania,2008,2012,2059,2227
tanzania,2008,2012,2060,2475
tanzania,2008,2012,2061,2476
tanzania,2008,2012,2062,2477
tanzania,2008,2012,2064,2478
tanzania,2008,2012,2065,2479
tanzania,2008,2012,2066,2480
tanzania,2008,2012,2068,2482
tanzania,2008,2012,2069,2483
tanzania,2008,2012,2070,2228
tanzania,2008,2012,2071,2484
tanzania,2008,2012,2072,2485
tanzania,2008,2012,2073,2486
tanzania,2008,2012,2074,2487
tanzania,2008,2012,2075,2488
tanzania,2008,2012,2076,2489
tanzania,2008,2012,2077,2490
tanzania,2008,2012,2078,2491
tanzania,2008,2012,2079,2492
tanzania,2008,2012,2080,2493
tanzania,2008,2012,2081,2229
tanzania,2008,2012,2082,2494
tanzania,2008,2012,2083,2495
tanzania,2008,2012,2084,2496
tanzania,2008,2012,2085,2497
tanzania,2008,2012,2086,2498
tanzania,2008,2012,2087,2499
tanzania,2008,2012,2088,2500
tanzania,2008,2012,2089,2501
tanzania,2008,2012,2090,2502
tanzania,2008,2012,2091,2503
tanzania,2008,2012,2092,2230
tanzania,2008,2012,2094,2504
tanzania,2008,2012,2095,2505
tanzania,2008,2012,2096,2506
tanzania,2008,2012,2097,2507
tanzania,2008,2012,2098,2508
tanzania,2008,2012,2099,2509
tanzania,2008,2012,2100,2510
tanzania,2008,2012,2101,2511
tanzania,2008,2012,2102,2512
tanzania,2008,2012,2103,2231
tanzania,2008,2012,2104,2513
tanzania,2008,2012,2106,2514
tanzania,2008,2012,2107,2515
tanzania,2008,2012,2108,2516
tanzania,2008,2012,2111,2517
tanzania,2008,2012,2114,2232
tanzania,2008,2012,2116,2518
tanzania,2008,2012,2118,2519
tanzania,2008,2012,2119,2520
tanzania,2008,2012,2120,2521
tanzania,2008,2012,2121,2522
tanzania,2008,2012,2125,2233
tanzania,2008,2012,2127,2234
tanzania,2008,2012,2128,2235
tanzania,2008,2012,2129,2199
tanzania,2008,2012,2130,2236
tanzania,2008,2012,2131,2237
tanzania,2008,2012,2133,2238
tanzania,2008,2012,2134,2239
tanzania,2008,2012,2135,2240
tanzania,2008,2012,2136,2241
tanzania,2008,2012,2137,2242
tanzania,2008,2012,2138,2243
tanzania,2008,2012,2139,2244
tanzania,2008,2012,2140,2200
tanzania,2008,2012,2141,2245
tanzania,2008,2012,2142,2246
tanzania,2008,2012,2143,2247
tanzania,2008,2012,2144,2248
tanzania,2008,2012,2145,2249
tanzania,2008,2012,2146,2250
tanzania,2008,2012,2147,2251
tanzania,2008,2012,2148,2252
tanzania,2008,2012,2149,2253
tanzania,2008,2012,2150,2254
tanzania,2008,2012,2151,2201
tanzania,2008,2012,2152,2255
tanzania,2008,2012,2153,2256
tanzania,2008,2012,2154,2257
tanzania,2008,2012,2155,2258
tanzania,2008,2012,2156,2259
tanzania,2008,2012,2157,2260
tanzania,2008,2012,2158,2261
tanzania,2008,2012,2159,2262
tanzania,2008,2012,2160,2263
tanzania,2008,2012,2162,2202
tanzania,2008,2012,2163,2264
tanzania,2008,2012,2164,2265
tanzania,2008,2012,2165,2266
tanzania,2008,2012,2166,2267
tanzania,2008,2012,2168,2268
tanzania,2008,2012,2169,2269
tanzania,2008,2012,2171,2270
tanzania,2008,2012,2172,2271
tanzania,2008,2012,2173,2203
tanzania,2008,2012,2174,2272
tanzania,2008,2012,2175,2273
tanzania,2008,2012,2176,2274
tanzania,2008,2012,2177,2275
tanzania,2008,2012,2178,2276
tanzania,2008,2012,2179,2277
tanzania,2008,2012,2180,2278
tanzania,2008,2012,2181,2279
tanzania,2008,2012,2183,2280
tanzania,2008,2012,2184,2204
tanzania,2008,2012,2185,2281
tanzania,2008,2012,2186,2282
tanzania,2008,2012,2187,2283
tanzania,2008,2012,2188,2284
tanzania,2008,2012,2189,2285
tanzania,2008,2012,2190,2286
tanzania,2008,2012,2191,2287
tanzania,2008,2012,2192,2288
tanzania,2008,2012,2193,2289
tanzania,2008,2012,2194,2290
uganda,2005,2009,2523,2716
uganda,2005,2013,2523,2854
uganda,2009,2013,2716,2854
uganda,2005,2009,2524,2717
uganda,2005,2013,2524,2855
uganda,2009,2013,2717,2855
uganda,2005,2009,2525,2726
uganda,2005,2013,2525,2856
uganda,2009,2013,2726,2856
uganda,2005,2009,2526,2815
uganda,2005,2013,2526,2857
uganda,2009,2013,2815,2857
uganda,2005,2009,2527,2816
uganda,2005,2013,2527,2858
uganda,2009,2013,2816,2858
uganda,2005,2009,2528,2817
uganda,2005,2013,2528,2859
uganda,2009,2013,2817,2859
uganda,2005,2009,2529,2818
uganda,2005,2013,2529,2860
uganda,2009,2013,2818,2860
uganda,2005,2009,2530,2819
uganda,2005,2013,2530,2861
uganda,2009,2013,2819,2861
uganda,2005,2009,2531,2820
uganda,2005,2013,2531,2862
uganda,2009,2013,2820,2862
uganda,2005,2009,2532,2821
uganda,2005,2013,2532,2863
uganda,2009,2013,2821,2863
uganda,2005,2009,2533,2822
uganda,2005,2013,2533,2864
uganda,2009,2013,2822,2864
uganda,2005,2009,2534,2823
uganda,2005,2013,2534,2865
uganda,2009,2013,2823,2865
uganda,2005,2009,2535,2824
uganda,2005,2013,2535,2866
uganda,2009,2013,2824,2866
uganda,2005,2009,2536,2727
uganda,2005,2013,2536,2867
uganda,2009,2013,2727,2867
uganda,2005,2009,2537,2825
uganda,2005,2013,2537,2868
uganda,2009,2013,2825,2868
uganda,2005,2009,2538,2826
uganda,2005,2013,2538,2869
uganda,2009,2013,2826,2869
uganda,2005,2009,2539,2827
uganda,2005,2013,2539,2870
uganda,2009,2013,2827,2870
uganda,2005,2009,2540,2828
uganda,2005,2013,2540,2871
uganda,2009,2013,2828,2871
uganda,2005,2009,2541,2829
uganda,2005,2013,2541,2872
uganda,2009,2013,2829,2872
uganda,2005,2009,2542,2830
uganda,2005,2013,2542,2873
uganda,2009,2013,2830,2873
uganda,2005,2009,2543,2831
uganda,2005,2013,2543,2874
uganda,2009,2013,2831,2874
uganda,2005,2009,2544,2832
uganda,2005,2013,2544,2875
uganda,2009,2013,2832,2875
uganda,2005,2009,2545,2833
uganda,2005,2013,2545,2876
uganda,2009,2013,2833,2876
uganda,2005,2009,2546,2834
uganda,2005,2013,2546,2877
uganda,2009,2013,2834,2877
uganda,2005,2009,2547,2728
uganda,2005,2013,2547,2878
uganda,2009,2013,2728,2878
uganda,2005,2009,2548,2835
uganda,2005,2013,2548,2879
uganda,2009,2013,2835,2879
uganda,2005,2009,2549,2836
uganda,2005,2013,2549,2880
uganda,2009,2013,2836,2880
uganda,2005,2009,2550,2837
uganda,2005,2013,2550,2881
uganda,2009,2013,2837,2881
uganda,2005,2009,2551,2838
uganda,2005,2013,2551,2882
uganda,2009,2013,2838,2882
uganda,2005,2009,2552,2839
uganda,2005,2013,2552,2883
uganda,2009,2013,2839,2883
uganda,2005,2009,2553,2840
uganda,2005,2013,2553,2884
uganda,2009,2013,2840,2884
uganda,2005,2009,2554,2841
uganda,2005,2013,2554,2885
uganda,2009,2013,2841,2885
uganda,2005,2009,2555,2842
uganda,2005,2013,2555,2886
uganda,2009,2013,2842,2886
uganda,2005,2009,2556,2843
uganda,2005,2013,2556,2887
uganda,2009,2013,2843,2887
uganda,2005,2009,2557,2844
uganda,2005,2013,2557,2888
uganda,2009,2013,2844,2888
uganda,2005,2009,2558,2729
uganda,2005,2013,2558,2889
uganda,2009,2013,2729,2889
uganda,2005,2009,2559,2845
uganda,2005,2013,2559,2890
uganda,2009,2013,2845,2890
uganda,2005,2009,2560,2846
uganda,2005,2013,2560,2891
uganda,2009,2013,2846,2891
uganda,2005,2009,2561,2847
uganda,2005,2013,2561,2892
uganda,2009,2013,2847,2892
uganda,2005,2009,2562,2848
uganda,2005,2013,2562,2893
uganda,2009,2013,2848,2893
uganda,2005,2009,2563,2849
uganda,2005,2013,2563,2894
uganda,2009,2013,2849,2894
uganda,2005,2009,2564,2850
uganda,2005,2013,2564,2895
uganda,2009,2013,2850,2895
uganda,2005,2009,2565,2851
uganda,2005,2013,2565,2896
uganda,2009,2013,2851,2896
uganda,2005,2009,2566,2852
uganda,2005,2013,2566,2897
uganda,2009,2013,2852,2897
uganda,2005,2009,2567,2853
uganda,2005,2013,2567,2898
uganda,2009,2013,2853,2898
uganda,2005,2009,2568,2689
uganda,2005,2013,2568,2935
uganda,2009,2013,2689,2935
uganda,2005,2009,2569,2730
uganda,2005,2013,2569,2899
uganda,2009,2013,2730,2899
uganda,2005,2009,2570,2690
uganda,2005,2013,2570,2936
uganda,2009,2013,2690,2936
uganda,2005,2009,2571,2691
uganda,2005,2013,2571,2937
uganda,2009,2013,2691,2937
uganda,2005,2009,2572,2692
uganda,2005,2013,2572,2938
uganda,2009,2013,2692,2938
uganda,2005,2009,2573,2693
uganda,2005,2013,2573,2940
uganda,2009,2013,2693,2940
uganda,2005,2009,2574,2694
uganda,2005,2013,2574,2941
uganda,2009,2013,2694,2941
uganda,2005,2009,2575,2695
uganda,2005,2013,2575,2942
uganda,2009,2013,2695,2942
uganda,2005,2009,2576,2696
uganda,2005,2013,2576,2943
uganda,2009,2013,2696,2943
uganda,2005,2009,2577,2697
uganda,2005,2013,2577,2944
uganda,2009,2013,2697,2944
uganda,2005,2009,2578,2698
uganda,2005,2013,2578,2945
uganda,2009,2013,2698,2945
uganda,2005,2009,2579,2699
uganda,2005,2013,2579,2946
uganda,2009,2013,2699,2946
uganda,2005,2009,2580,2731
uganda,2005,2013,2580,2900
uganda,2009,2013,2731,2900
uganda,2005,2009,2581,2700
uganda,2005,2013,2581,2947
uganda,2009,2013,2700,2947
uganda,2005,2009,2582,2701
uganda,2005,2013,2582,2948
uganda,2009,2013,2701,2948
uganda,2005,2009,2583,2702
uganda,2005,2013,2583,2949
uganda,2009,2013,2702,2949
uganda,2005,2009,2584,2703
uganda,2005,2013,2584,2951
uganda,2009,2013,2703,2951
uganda,2005,2009,2585,2704
uganda,2005,2013,2585,2952
uganda,2009,2013,2704,2952
uganda,2005,2009,2586,2705
uganda,2005,2013,2586,2953
uganda,2009,2013,2705,2953
uganda,2005,2009,2587,2706
uganda,2005,2013,2587,2954
uganda,2009,2013,2706,2954
uganda,2005,2009,2588,2707
uganda,2005,2013,2588,2955
uganda,2009,2013,2707,2955
uganda,2005,2009,2589,2708
uganda,2005,2013,2589,2956
uganda,2009,2013,2708,2956
uganda,2005,2009,2590,2709
uganda,2005,2013,2590,2957
uganda,2009,2013,2709,2957
uganda,2005,2009,2591,2732
uganda,2005,2013,2591,2901
uganda,2009,2013,2732,2901
uganda,2005,2009,2592,2710
uganda,2005,2013,2592,2958
uganda,2009,2013,2710,2958
uganda,2005,2009,2593,2711
uganda,2005,2013,2593,2959
uganda,2009,2013,2711,2959
uganda,2005,2009,2594,2712
uganda,2005,2013,2594,2961
uganda,2009,2013,2712,2961
uganda,2005,2009,2595,2713
uganda,2005,2013,2595,2962
uganda,2009,2013,2713,2962
uganda,2005,2009,2596,2714
uganda,2005,2013,2596,2963
uganda,2009,2013,2714,2963
uganda,2005,2009,2597,2715
uganda,2005,2013,2597,2964
uganda,2009,2013,2715,2964
uganda,2005,2009,2598,2733
uganda,2005,2013,2598,2902
uganda,2009,2013,2733,2902
uganda,2005,2009,2599,2734
uganda,2005,2013,2599,2903
uganda,2009,2013,2734,2903
uganda,2005,2009,2600,2735
uganda,2005,2013,2600,2904
uganda,2009,2013,2735,2904
uganda,2005,2009,2601,2718
uganda,2005,2013,2601,2905
uganda,2009,2013,2718,2905
uganda,2005,2009,2602,2736
uganda,2005,2013,2602,2906
uganda,2009,2013,2736,2906
uganda,2005,2009,2603,2737
uganda,2005,2013,2603,2907
uganda,2009,2013,2737,2907
uganda,2005,2009,2604,2738
uganda,2005,2013,2604,2908
uganda,2009,2013,2738,2908
uganda,2005,2009,2605,2739
uganda,2005,2013,2605,2909
uganda,2009,2013,2739,2909
uganda,2005,2009,2606,2740
uganda,2005,2013,2606,2910
uganda,2009,2013,2740,2910
uganda,2005,2009,2607,2741
uganda,2005,2013,2607,2911
uganda,2009,2013,2741,2911
uganda,2005,2009,2608,2742
uganda,2005,2013,2608,2912
uganda,2009,2013,2742,2912
uganda,2005,2009,2609,2743
uganda,2005,2013,2609,2913
uganda,2009,2013,2743,2913
uganda,2005,2009,2610,2744
uganda,2005,2013,2610,2914
uganda,2009,2013,2744,2914
uganda,2005,2009,2611,2745
uganda,2005,2013,2611,2915
uganda,2009,2013,2745,2915
uganda,2005,2009,2612,2719
uganda,2005,2013,2612,2916
uganda,2009,2013,2719,2916
uganda,2005,2009,2613,2746
uganda,2005,2013,2613,2917
uganda,2009,2013,2746,2917
uganda,2005,2009,2614,2747
uganda,2005,2013,2614,2918
uganda,2009,2013,2747,2918
uganda,2005,2009,2615,2748
uganda,2005,2013,2615,2919
uganda,2009,2013,2748,2919
uganda,2005,2009,2616,2749
uganda,2005,2013,2616,2920
uganda,2009,2013,2749,2920
uganda,2005,2009,2617,2750
uganda,2005,2013,2617,2921
uganda,2009,2013,2750,2921
uganda,2005,2009,2618,2751
uganda,2005,2013,2618,2922
uganda,2009,2013,2751,2922
uganda,2005,2009,2619,2752
uganda,2005,2013,2619,2923
uganda,2009,2013,2752,2923
uganda,2005,2009,2620,2753
uganda,2005,2013,2620,2924
uganda,2009,2013,2753,2924
uganda,2005,2009,2621,2754
uganda,2005,2013,2621,2925
uganda,2009,2013,2754,2925
uganda,2005,2009,2622,2755
uganda,2005,2013,2622,2926
uganda,2009,2013,2755,2926
uganda,2005,2009,2623,2720
uganda,2005,2013,2623,2927
uganda,2009,2013,2720,2927
uganda,2005,2009,2624,2756
uganda,2005,2013,2624,2928
uganda,2009,2013,2756,2928
uganda,2005,2009,2625,2757
uganda,2005,2013,2625,2929
uganda,2009,2013,2757,2929
uganda,2005,2009,2626,2758
uganda,2005,2013,2626,2930
uganda,2009,2013,2758,2930
uganda,2005,2009,2627,2759
uganda,2005,2013,2627,2931
uganda,2009,2013,2759,2931
uganda,2005,2009,2628,2760
uganda,2005,2013,2628,2932
uganda,2009,2013,2760,2932
uganda,2005,2009,2629,2761
uganda,2005,2013,2629,2933
uganda,2009,2013,2761,2933
uganda,2005,2009,2630,2762
uganda,2005,2013,2630,2934
uganda,2009,2013,2762,2934
uganda,2005,2009,2631,2763
uganda,2005,2013,2631,2939
uganda,2009,2013,2763,2939
uganda,2005,2009,2632,2764
uganda,2005,2013,2632,2950
uganda,2009,2013,2764,2950
uganda,2005,2009,2633,2765
uganda,2005,2013,2633,2960
uganda,2009,2013,2765,2960
uganda,2005,2009,2634,2721
uganda,2005,2013,2634,2965
uganda,2009,2013,2721,2965
uganda,2005,2009,2635,2766
uganda,2005,2013,2635,2966
uganda,2009,2013,2766,2966
uganda,2005,2009,2636,2767
uganda,2005,2013,2636,2967
uganda,2009,2013,2767,2967
uganda,2005,2013,2637,2968
uganda,2005,2009,2638,2768
uganda,2005,2013,2638,2969
uganda,2009,2013,2768,2969
uganda,2005,2009,2639,2769
uganda,2005,2013,2639,2970
uganda,2009,2013,2769,2970
uganda,2005,2009,2640,2770
uganda,2005,2013,2640,2971
uganda,2009,2013,2770,2971
uganda,2005,2009,2641,2771
uganda,2005,2013,2641,2972
uganda,2009,2013,2771,2972
uganda,2005,2009,2642,2772
uganda,2005,2013,2642,2973
uganda,2009,2013,2772,2973
uganda,2005,2009,2643,2773
uganda,2005,2013,2643,2974
uganda,2009,2013,2773,2974
uganda,2005,2009,2644,2774
uganda,2005,2013,2644,2975
uganda,2009,2013,2774,2975
uganda,2005,2009,2645,2722
uganda,2005,2013,2645,2976
uganda,2009,2013,2722,2976
uganda,2005,2009,2646,2775
uganda,2005,2013,2646,2977
uganda,2009,2013,2775,2977
uganda,2005,2009,2647,2776
uganda,2005,2013,2647,2978
uganda,2009,2013,2776,2978
uganda,2005,2009,2648,2777
uganda,2005,2013,2648,2979
uganda,2009,2013,2777,2979
uganda,2005,2009,2649,2778
uganda,2005,2013,2649,2980
uganda,2009,2013,2778,2980
uganda,2005,2009,2650,2779
uganda,2005,2013,2650,2981
uganda,2009,2013,2779,2981
uganda,2005,2009,2651,2780
uganda,2005,2013,2651,2982
uganda,2009,2013,2780,2982
uganda,2005,2009,2652,2781
uganda,2005,2013,2652,2983
uganda,2009,2013,2781,2983
uganda,2005,2009,2653,2782
uganda,2005,2013,2653,2984
uganda,2009,2013,2782,2984
uganda,2005,2009,2654,2783
uganda,2005,2013,2654,2985
uganda,2009,2013,2783,2985
uganda,2005,2009,2655,2784
uganda,2005,2013,2655,2986
uganda,2009,2013,2784,2986
uganda,2005,2009,2656,2723
uganda,2005,2013,2656,2987
uganda,2009,2013,2723,2987
uganda,2005,2009,2657,2785
uganda,2005,2013,2657,2988
uganda,2009,2013,2785,2988
uganda,2005,2009,2658,2786
uganda,2005,2013,2658,2989
uganda,2009,2013,2786,2989
uganda,2005,2009,2659,2787
uganda,2005,2013,2659,2990
uganda,2009,2013,2787,2990
uganda,2005,2009,2660,2788
uganda,2005,2013,2660,2991
uganda,2009,2013,2788,2991
uganda,2005,2009,2661,2789
uganda,2005,2013,2661,2992
uganda,2009,2013,2789,2992
uganda,2005,2009,2662,2790
uganda,2005,2013,2662,2993
uganda,2009,2013,2790,2993
uganda,2005,2009,2663,2791
uganda,2005,2013,2663,2994
uganda,2009,2013,2791,2994
uganda,2005,2009,2664,2792
uganda,2005,2013,2664,2995
uganda,2009,2013,2792,2995
uganda,2005,2009,2665,2793
uganda,2005,2013,2665,2996
uganda,2009,2013,2793,2996
uganda,2005,2009,2666,2794
uganda,2005,2013,2666,2997
uganda,2009,2013,2794,2997
uganda,2005,2009,2667,2724
uganda,2005,2013,2667,2998
uganda,2009,2013,2724,2998
uganda,2005,2009,2668,2795
uganda,2005,2013,2668,2999
uganda,2009,2013,2795,2999
uganda,2005,2009,2669,2796
uganda,2005,2013,2669,3000
uganda,2009,2013,2796,3000
uganda,2005,2009,2670,2797
uganda,2005,2013,2670,3001
uganda,2009,2013,2797,3001
uganda,2005,2009,2671,2798
uganda,2005,2013,2671,3002
uganda,2009,2013,2798,3002
uganda,2005,2009,2672,2799
uganda,2005,2013,2672,3003
uganda,2009,2013,2799,3003
uganda,2005,2009,2673,2800
uganda,2005,2013,2673,3004
uganda,2009,2013,2800,3004
uganda,2005,2009,2674,2801
uganda,2005,2013,2674,3005
uganda,2009,2013,2801,3005
uganda,2005,2009,2675,2802
uganda,2005,2013,2675,3006
uganda,2009,2013,2802,3006
uganda,2005,2009,2676,2803
uganda,2005,2013,2676,3007
uganda,2009,2013,2803,3007
uganda,2005,2009,2677,2804
uganda,2005,2013,2677,3008
uganda,2009,2013,2804,3008
uganda,2005,2009,2678,2725
uganda,2005,2013,2678,3009
uganda,2009,2013,2725,3009
uganda,2005,2009,2679,2805
uganda,2005,2013,2679,3010
uganda,2009,2013,2805,3010
uganda,2005,2009,2680,2806
uganda,2005,2013,2680,3011
uganda,2009,2013,2806,3011
uganda,2005,2009,2681,2807
uganda,2005,2013,2681,3012
uganda,2009,2013,2807,3012
uganda,2005,2009,2682,2808
uganda,2005,2013,2682,3013
uganda,2009,2013,2808,3013
uganda,2005,2009,2683,2809
uganda,2005,2013,2683,3014
uganda,2009,2013,2809,3014
uganda,2005,2009,2684,2810
uganda,2005,2013,2684,3015
uganda,2009,2013,2810,3015
uganda,2005,2009,2685,2811
uganda,2005,2013,2685,3016
uganda,2009,2013,2811,3016
uganda,2005,2009,2686,2812
uganda,2005,2013,2686,3017
uganda,2009,2013,2812,3017
uganda,2005,2009,2687,2813
uganda,2005,2013,2687,3018
uganda,2009,2013,2813,3018
uganda,2005,2009,2688,2814
uganda,2005,2013,2688,3019
uganda,2009,2013,2814,3019
