Country Name,Country Code,Series Name,Series Code,2000 [YR2000],2001 [YR2001],2002 [YR2002],2003 [YR2003],2004 [YR2004],2005 [YR2005],2006 [YR2006],2007 [YR2007],2008 [YR2008],2009 [YR2009],2010 [YR2010],2011 [YR2011],2012 [YR2012],2013 [YR2013],2014 [YR2014],2015 [YR2015],2016 [YR2016],2017 [YR2017],2018 [YR2018],2019 [YR2019]
Angola,AGO,"PPP conversion factor, GDP (LCU per international $)",PA.NUS.PPP,1.80509685277734,3.64490740048633,10.6562391810416,20.2885320891774,26.3632975713585,36.4010218671398,41.3799425747936,42.0336221400641,49.2181436345944,40.6586886881121,52.9263645885938,68.3148555611226,71.8927884306309,72.6592510545047,73.8493684555774,70.4972035028324,84.9188663488311,102.180621127017,134.746389606693,..
Angola,AGO,"Population, total",SP.POP.TOTL,16395473,16945753,17519417,18121479,18758145,19433602,20149901,20905363,21695634,22514281,23356246,24220661,25107931,26015780,26941779,27884381,28842484,29816748,30809762,..
Angola,AGO,"Agriculture, forestry, and fishing, value added (% of GDP)",NV.AGR.TOTL.ZS,5.66468956353549,8.15637702246655,5.8395499748266,6.19838433868839,6.25087653552132,5.06040294790886,5.19128018876127,5.24227833734658,4.80533931673356,6.62119707047771,6.18029318057362,5.84568096888111,6.06963007473451,6.50749253992601,7.5470567791822,9.12253447070414,9.83116860869256,10.0169958599555,..,..
Angola,AGO,GDP per capita (constant 2010 US$),NY.GDP.PCAP.KD,2195.63058208212,2213.68116198694,2433.80439286308,2423.29399490108,2597.45699523307,2883.97821142556,3102.65092800056,3409.50346175619,3652.15349820188,3549.5778566281,3587.88379824396,3579.96008133817,3748.44944481631,3796.88262194857,3843.19824098164,3748.32062301759,3530.30942264945,3409.92928463039,3229.61973975117,..
Angola,AGO,Poverty headcount ratio at $1.90 a day (2011 PPP) (% of population),SI.POV.DDAY,32.3,..,..,..,..,..,..,..,30.1,..,..,..,..,..,..,..,..,..,..,..
Angola,AGO,Urban population (% of total population),SP.URB.TOTL.IN.ZS,50.087,51.274,52.461,53.645,54.827,56,56.764,57.524,58.282,59.034,59.783,60.528,61.268,62.002,62.731,63.446,64.149,64.839,65.514,..
Angola,AGO,GINI index (World Bank estimate),SI.POV.GINI,52,..,..,..,..,..,..,..,42.7,..,..,..,..,..,..,..,..,..,..,..
Benin,BEN,"PPP conversion factor, GDP (LCU per international $)",PA.NUS.PPP,200.903523649159,200.46837590935,204.358760289665,206.779941975689,202.90978979972,205.22955852249,203.367950440208,198.821198764457,207.583668060577,211.22568361804,210.640482030438,214.034563567716,226.162144732901,225.388150001427,220.653225433021,218.484023255507,215.515560841168,211.562561610615,206.884355462651,..
Benin,BEN,"Population, total",SP.POP.TOTL,6865951,7076733,7295394,7520555,7750004,7982225,8216897,8454793,8696921,8944708,9199259,9460830,9729248,10004588,10286842,10575952,10872067,11175204,11485048,..
Benin,BEN,"Agriculture, forestry, and fishing, value added (% of GDP)",NV.AGR.TOTL.ZS,22.8897878854144,22.9500687127806,23.8703616721466,22.8081769318883,24.7550866616428,24.7138684979083,25.2370857971661,24.2747291156938,23.9691931999624,23.7676056338028,22.7362261746133,22.8438923844652,22.303644794695,21.3456820141022,21.4647359099906,22.4927607161793,23.2404164298103,23.0177563888237,22.6444101837928,..
Benin,BEN,GDP per capita (constant 2010 US$),NY.GDP.PCAP.KD,694.243748862815,709.469362156737,720.168276979008,722.667195343064,732.335422521139,723.19995937719,730.275166698073,752.215036722347,767.031377787259,763.154547400962,757.695907409377,758.575276385114,773.175729269639,805.956123498516,833.630342519349,827.835457935714,837.216825726833,862.056056916603,896.324367880198,..
Benin,BEN,Poverty headcount ratio at $1.90 a day (2011 PPP) (% of population),SI.POV.DDAY,..,..,..,48.8,..,..,..,..,..,..,..,53.1,..,..,..,49.5,..,..,..,..
Benin,BEN,Urban population (% of total population),SP.URB.TOTL.IN.ZS,38.333,38.65,39.036,39.536,40.039,40.543,41.049,41.558,42.069,42.58,43.093,43.608,44.125,44.642,45.166,45.695,46.229,46.768,47.312,..
Benin,BEN,GINI index (World Bank estimate),SI.POV.GINI,..,..,..,38.6,..,..,..,..,..,..,..,43.4,..,..,..,47.8,..,..,..,..
Burkina Faso,BFA,"PPP conversion factor, GDP (LCU per international $)",PA.NUS.PPP,188.698058062824,190.519063792009,194.750589423623,194.038722713151,189.122982911349,190.268293468851,183.45541859644,180.433829374967,190.511804013927,193.618458839252,204.414386944791,213.659171587501,221.847916563413,213.379750638295,208.118609495976,199.587953013604,195.237045880751,200.264788890941,205.730408703575,..
Burkina Faso,BFA,"Population, total",SP.POP.TOTL,11607942,11944587,12293100,12654621,13030569,13421930,13829176,14252021,14689725,15141098,15605217,16081911,16571246,17072775,17586017,18110624,18646378,19193284,19751535,..
Burkina Faso,BFA,"Agriculture, forestry, and fishing, value added (% of GDP)",NV.AGR.TOTL.ZS,30.7893108268158,36.1842618707971,35.7803478556659,34.3655509094651,31.6158431505716,35.2934419146215,33.9587366023179,29.9354933736959,37.0049682934775,32.3929117019573,32.5402562432393,30.7910247608749,31.4834039635981,31.666159244495,31.3640113158314,30.2716660727511,30.7571614873933,28.6644336630997,28.6017730066199,..
Burkina Faso,BFA,GDP per capita (constant 2010 US$),NY.GDP.PCAP.KD,434.763330444212,450.452280722016,456.73413491079,478.304352301957,485.307404342803,511.967590461138,527.962387666167,541.268695046728,563.447103417816,562.841972573867,575.446452687734,595.392988928601,615.095970788297,631.610260603211,639.708095622635,645.369860579085,664.02363057197,685.757486149844,709.755188088689,..
Burkina Faso,BFA,Poverty headcount ratio at $1.90 a day (2011 PPP) (% of population),SI.POV.DDAY,..,..,..,57.3,..,..,..,..,..,55.3,..,..,..,..,43.7,..,..,..,..,..
Burkina Faso,BFA,Urban population (% of total population),SP.URB.TOTL.IN.ZS,17.844,18.54,19.258,19.996,20.757,21.537,22.339,22.996,23.534,24.079,24.633,25.196,25.767,26.346,26.934,27.53,28.134,28.743,29.358,..
Burkina Faso,BFA,GINI index (World Bank estimate),SI.POV.GINI,..,..,..,43.3,..,..,..,..,..,39.8,..,..,..,..,35.3,..,..,..,..,..
Cameroon,CMR,"PPP conversion factor, GDP (LCU per international $)",PA.NUS.PPP,226.85965558662,225.233015656349,225.809264911591,222.126325851274,220.598782613279,215.537135154855,216.232659871254,212.592820084681,222.326578808915,224.274498760752,225.925161284571,227.211655608777,228.890478032353,229.534352641101,229.994322127761,227.968587212544,227.971099746794,227.035270499452,225.006711596594,..
Cameroon,CMR,"Population, total",SP.POP.TOTL,15513945,15928910,16357602,16800865,17259322,17733410,18223674,18730282,19252666,19789919,20341241,20906388,21485266,22077298,22681858,23298368,23926539,24566045,25216237,..
Cameroon,CMR,"Agriculture, forestry, and fishing, value added (% of GDP)",NV.AGR.TOTL.ZS,16.7364639372229,17.4293320966842,16.4516776940534,15.9076105836933,15.5483700771711,14.0835665802987,13.2402405473326,13.1789379330715,13.0957244952834,13.6570609381547,14.0676569950709,13.4796522667294,13.7215245792943,13.8988992120781,14.2261968088339,14.772472349771,14.5430372691671,14.3722148212328,14.2840671369042,..
Cameroon,CMR,GDP per capita (constant 2010 US$),NY.GDP.PCAP.KD,1145.45485381974,1164.34552291141,1181.87365299965,1203.24621858419,1250.70884391054,1241.86914102366,1250.24417880314,1276.05991479294,1284.74773502695,1277.35008028933,1285.26172565588,1302.15555342518,1324.63796570443,1358.78329969841,1400.38701702896,1440.37879990249,1467.76075196122,1480.28788488156,1497.78348533909,..
Cameroon,CMR,Poverty headcount ratio at $1.90 a day (2011 PPP) (% of population),SI.POV.DDAY,..,23.1,..,..,..,..,..,29.3,..,..,..,..,..,..,23.8,..,..,..,..,..
Cameroon,CMR,Urban population (% of total population),SP.URB.TOTL.IN.ZS,45.542,46.139,46.738,47.338,47.94,48.541,49.143,49.746,50.35,50.954,51.559,52.164,52.769,53.373,53.976,54.578,55.179,55.777,56.374,..
Cameroon,CMR,GINI index (World Bank estimate),SI.POV.GINI,..,42.1,..,..,..,..,..,42.8,..,..,..,..,..,..,46.6,..,..,..,..,..
Cote d'Ivoire,CIV,"PPP conversion factor, GDP (LCU per international $)",PA.NUS.PPP,194.951787358755,204.877394819751,215.134285319156,221.352197642015,209.318449206331,205.636851853738,203.077649664039,203.565859712689,216.659868420214,220.064490116068,229.246795529046,228.228480037503,230.998577234821,235.437998872987,240.099697733519,244.938332446853,239.699855686741,231.130536488495,227.006368649343,..
Cote d'Ivoire,CIV,"Population, total",SP.POP.TOTL,16454668,16853026,17231539,17599610,17970494,18354514,18754916,19171237,19605569,20059147,20532950,21028655,21547188,22087505,22647683,23226143,23822714,24437469,25069229,..
Cote d'Ivoire,CIV,"Agriculture, forestry, and fishing, value added (% of GDP)",NV.AGR.TOTL.ZS,24.9891157136593,25.9264522806657,27.2700503866236,28.7808550210528,23.5897597153266,22.593246265572,22.6252128834965,21.9948063744221,22.6770458073532,21.2002180834824,24.5294275579256,26.6908494054447,22.190251202045,20.9786259127829,21.051436735908,22.735623257338,22.4262527723305,21.575709300599,19.769318397967,..
Cote d'Ivoire,CIV,GDP per capita (constant 2010 US$),NY.GDP.PCAP.KD,1355.26363888756,1324.83505745406,1274.12514980158,1230.5187005844,1219.96701655673,1215.00171935047,1207.08674607306,1201.71660600267,1204.9751626723,1216.02151850721,1211.93028525766,1131.44456264863,1222.43932259292,1298.54481169143,1377.79650318762,1462.28392207852,1539.31573513309,1616.16929169734,1692.54447621426,..
Cote d'Ivoire,CIV,Poverty headcount ratio at $1.90 a day (2011 PPP) (% of population),SI.POV.DDAY,..,..,23.2,..,..,..,..,..,29.1,..,..,..,..,..,..,28.2,..,..,..,..
Cote d'Ivoire,CIV,Urban population (% of total population),SP.URB.TOTL.IN.ZS,43.155,43.568,43.983,44.399,44.817,45.234,45.652,46.071,46.491,46.91,47.33,47.751,48.172,48.593,49.014,49.444,49.881,50.326,50.779,..
Cote d'Ivoire,CIV,GINI index (World Bank estimate),SI.POV.GINI,..,..,41.3,..,..,..,..,..,43.2,..,..,..,..,..,..,41.5,..,..,..,..
"Congo, Dem. Rep.",COD,"PPP conversion factor, GDP (LCU per international $)",PA.NUS.PPP,61.3404913602352,103.877208285669,134.695928720256,149.980713790472,155.345444633527,195.651978327222,215.210340086543,252.065447953636,297.857714994296,392.142379137237,468.198681424105,521.869696398973,542.465055052458,547.883449628418,543.053407469535,531.097023778738,548.201038757847,769.674086860996,979.547724338025,..
"Congo, Dem. Rep.",COD,"Population, total",SP.POP.TOTL,47105826,48428545,49871666,51425580,53068880,54785903,56578037,58453683,60411195,62448574,64563854,66755153,69020747,71358807,73767447,76244544,78789127,81398764,84068091,..
"Congo, Dem. Rep.",COD,"Agriculture, forestry, and fishing, value added (% of GDP)",NV.AGR.TOTL.ZS,31.9723582652415,32.8709040200447,26.5837793204992,26.0538388066067,23.8793594908244,21.5793822469407,21.2100606488187,21.602205301192,22.618679764393,23.6746666960423,21.4284911226138,20.9170760131289,20.4410607056781,19.3166676270676,18.5625173135672,18.3703885045717,18.5997536402627,19.7026974967519,19.1103383729504,..
"Congo, Dem. Rep.",COD,GDP per capita (constant 2010 US$),NY.GDP.PCAP.KD,289.986319882164,276.142108828791,276.05594555969,282.647066791353,292.350837126994,300.562422451628,306.52826072519,315.263863498655,324.040312807321,322.41825442277,334.02157257299,345.266114849658,357.598295891314,375.219175499846,397.341670468064,411.020573085248,407.289643136075,408.924793379252,418.738623102101,..
"Congo, Dem. Rep.",COD,Poverty headcount ratio at $1.90 a day (2011 PPP) (% of population),SI.POV.DDAY,..,..,..,..,94.1,..,..,..,..,..,..,..,76.6,..,..,..,..,..,..,..
"Congo, Dem. Rep.",COD,Urban population (% of total population),SP.URB.TOTL.IN.ZS,35.122,35.587,36.055,36.526,37,37.481,37.971,38.47,38.976,39.491,40.013,40.544,41.082,41.627,42.18,42.74,43.307,43.88,44.46,..
"Congo, Dem. Rep.",COD,GINI index (World Bank estimate),SI.POV.GINI,..,..,..,..,42.2,..,..,..,..,..,..,..,42.1,..,..,..,..,..,..,..
Ethiopia,ETH,"PPP conversion factor, GDP (LCU per international $)",PA.NUS.PPP,2.05167934270496,1.89209659033382,1.7951800629122,1.98747888917458,2.01107401383737,2.14292692932838,2.32026924835416,2.64868207179462,3.38568587159283,4.17140692247415,4.18292436316091,4.919337203074,6.44573259990194,6.64508542694378,7.23790141364285,7.93736217622144,8.66789752209918,9.07801099971379,9.98909992871712,..
Ethiopia,ETH,"Population, total",SP.POP.TOTL,66224804,68159423,70142091,72170584,74239505,76346311,78489206,80674348,82916235,85233913,87639964,90139927,92726971,95385785,98094253,100835458,103603501,106400024,109224559,..
Ethiopia,ETH,"Agriculture, forestry, and fishing, value added (% of GDP)",NV.AGR.TOTL.ZS,44.6660179485759,42.3405711240311,38.6923716914638,37.2850554139561,38.6797549469264,41.1744985607337,42.5241701226393,42.2650121920913,45.1845583729593,45.8826942649104,41.4468200699758,41.2499638574537,44.3309427521463,41.2395055340925,38.5204496889284,36.0569753905786,34.6088392491026,33.6602736399582,31.0866693334871,..
Ethiopia,ETH,GDP per capita (constant 2010 US$),NY.GDP.PCAP.KD,197.432305149369,207.752705244742,204.938205916459,194.873070098516,215.154562212426,233.944190480862,252.212288224834,273.492119814399,294.805427784673,312.033849443538,341.554114905179,369.202407829027,389.938966721631,419.183860251535,449.420377149128,482.639066335501,514.057306751986,548.117495566997,570.305676779185,..
Ethiopia,ETH,Poverty headcount ratio at $1.90 a day (2011 PPP) (% of population),SI.POV.DDAY,..,..,..,..,37.2,..,..,..,..,..,33.5,..,..,..,..,30.8,..,..,..,..
Ethiopia,ETH,Urban population (% of total population),SP.URB.TOTL.IN.ZS,14.74,14.927,15.118,15.31,15.504,15.7,15.899,16.116,16.51,16.91,17.319,17.735,18.16,18.575,18.998,19.428,19.866,20.31,20.763,..
Ethiopia,ETH,GINI index (World Bank estimate),SI.POV.GINI,..,..,..,..,29.8,..,..,..,..,..,33.2,..,..,..,..,35,..,..,..,..
Ghana,GHA,"PPP conversion factor, GDP (LCU per international $)",PA.NUS.PPP,0.0797542373050332,0.105215206078168,0.127211640327151,0.160741858331677,0.178989773540961,0.199557207095026,0.350113637978832,0.404467296490722,0.473760234307657,0.543836271058211,0.626785782083573,0.69939227708558,0.790574791524431,1.18863281809565,1.42511968124485,1.60164362948495,1.82591749239331,1.97736490331615,2.13119302915686,..
Ghana,GHA,"Population, total",SP.POP.TOTL,19278856,19756928,20246381,20750299,21272323,21814642,22379055,22963946,23563825,24170940,24779619,25387710,25996449,26607642,27224472,27849205,28481946,29121471,29767108,..
Ghana,GHA,"Agriculture, forestry, and fishing, value added (% of GDP)",NV.AGR.TOTL.ZS,35.2715219593039,35.2418001245052,35.1483770619295,36.5454059013539,37.9524260930096,37.4530129301836,28.948945669407,27.294114484663,29.4080967578414,30.9933842095403,28.0387379636491,23.663704967184,22.1311546901572,20.4524959286698,19.9996997842714,20.2471754785241,20.976891328747,19.6961551483002,..,..
Ghana,GHA,GDP per capita (constant 2010 US$),NY.GDP.PCAP.KD,952.137474702379,966.261867015423,985.333256906715,1011.3976207133,1041.82622676295,1075.86577170557,1115.84971840359,1134.69763510455,1206.99040627354,1233.67756113945,1298.43695159215,1445.36088882672,1542.6851834027,1617.46675421715,1626.62278287807,1624.76962408724,1643.4487447777,1738.25193096663,1807.06353976317,..
Ghana,GHA,Poverty headcount ratio at $1.90 a day (2011 PPP) (% of population),SI.POV.DDAY,..,..,..,..,..,24.5,..,..,..,..,..,..,12,..,..,..,13.3,..,..,..
Ghana,GHA,Urban population (% of total population),SP.URB.TOTL.IN.ZS,43.929,44.601,45.275,45.951,46.63,47.308,47.988,48.669,49.351,50.031,50.713,51.394,52.073,52.748,53.419,54.086,54.749,55.407,56.06,..
Ghana,GHA,GINI index (World Bank estimate),SI.POV.GINI,..,..,..,..,..,42.8,..,..,..,..,..,..,42.4,..,..,..,43.5,..,..,..
Guinea,GIN,"PPP conversion factor, GDP (LCU per international $)",PA.NUS.PPP,525.469423505603,523.201846092766,517.283913571236,588.655494449695,667.928646448614,825.17618675585,1606.89424544605,1777.80735437027,2035.13451161704,2055.40317146449,2358.72462040544,2518.38636595046,2755.51331710973,2825.52516602985,2845.30324225347,2899.18106985952,3030.17234320394,3066.32384444392,3032.86193745238,..
Guinea,GIN,"Population, total",SP.POP.TOTL,8240730,8417081,8586074,8753093,8925743,9109581,9307425,9518162,9738792,9964469,10192176,10420471,10652029,10892810,11150977,11432088,11738441,12067539,12414318,..
Guinea,GIN,"Agriculture, forestry, and fishing, value added (% of GDP)",NV.AGR.TOTL.ZS,20.981831237982,21.740683481506,21.6316147118148,20.7799678991953,23.3141959078042,22.2810649606166,15.5845634221954,16.819709229747,15.9800071865572,16.3606188802973,17.4849487339116,16.069749632643,16.8316731896045,17.5452721202204,17.5238163775906,18.4782420543413,17.5899466631447,17.8339599948943,17.8058952428077,..
Guinea,GIN,GDP per capita (constant 2010 US$),NY.GDP.PCAP.KD,612.720609711875,621.828959710054,641.072927209266,636.692235131121,638.987891635608,644.858352323376,638.599337542777,667.095295376801,678.952420990295,656.159015645005,672.42440256326,694.603115399056,719.709185241663,731.493337699027,741.049717312176,750.403076363854,809.957816532747,893.12933200795,943.360034142442,..
Guinea,GIN,Poverty headcount ratio at $1.90 a day (2011 PPP) (% of population),SI.POV.DDAY,..,..,62.2,..,..,..,..,59.7,..,..,..,..,35.3,..,..,..,..,..,..,..
Guinea,GIN,Urban population (% of total population),SP.URB.TOTL.IN.ZS,30.869,31.144,31.42,31.698,31.977,32.257,32.539,32.822,33.106,33.391,33.678,33.966,34.255,34.545,34.836,35.141,35.46,35.793,36.14,..
Guinea,GIN,GINI index (World Bank estimate),SI.POV.GINI,..,..,43,..,..,..,..,39.4,..,..,..,..,33.7,..,..,..,..,..,..,..
Kenya,KEN,"PPP conversion factor, GDP (LCU per international $)",PA.NUS.PPP,18.1382010186041,18.0281037445966,17.9130017747657,18.6762901172983,19.4828013814479,19.8200085654603,23.7645199826688,25.0242325421578,28.2658890167651,31.3165347607814,31.6033172679837,34.2981004982503,36.809241421872,38.0441738364472,40.350302553709,43.9256970918924,45.8624372096723,49.7733096260267,50.0578402028217,..
Kenya,KEN,"Population, total",SP.POP.TOTL,31964557,32848564,33751739,34678779,35635271,36624895,37649033,38705932,39791981,40901792,42030676,43178257,44343410,45519889,46699981,47878336,49051686,50221473,51393010,..
Kenya,KEN,"Agriculture, forestry, and fishing, value added (% of GDP)",NV.AGR.TOTL.ZS,28.7217806412905,27.8492601112896,25.8539676039456,25.8044393708329,24.9290410875057,24.2362747002419,20.5196878049409,20.5866644602991,22.1963401579826,23.3604009934043,24.8262174872647,26.3046046638708,26.1699503032215,26.4433340568883,27.4509408115362,30.1924094509524,31.0723310305177,34.8287374641173,34.1946791303039,..
Kenya,KEN,GDP per capita (constant 2010 US$),NY.GDP.PCAP.KD,819.615425085922,827.705229937068,809.961627867232,811.426558401271,829.952874962489,855.225039996787,885.809632464257,920.649216604445,897.601930611382,902.124545867569,951.687961116879,982.980837581714,1000.8292167941,1032.2773268424,1060.09501596406,1093.13417027403,1129.71319597921,1157.05248776621,1202.13302277135,..
Kenya,KEN,Poverty headcount ratio at $1.90 a day (2011 PPP) (% of population),SI.POV.DDAY,..,..,..,..,..,43.7,..,..,..,..,..,..,..,..,..,36.8,..,..,..,..
Kenya,KEN,Urban population (% of total population),SP.URB.TOTL.IN.ZS,19.892,20.239,20.591,20.948,21.31,21.675,22.045,22.42,22.8,23.183,23.571,23.969,24.376,24.794,25.221,25.658,26.105,26.562,27.03,..
Kenya,KEN,GINI index (World Bank estimate),SI.POV.GINI,..,..,..,..,..,46.5,..,..,..,..,..,..,..,..,..,40.8,..,..,..,..
Lesotho,LSO,"PPP conversion factor, GDP (LCU per international $)",PA.NUS.PPP,2.32488800476974,2.53599844101305,2.85118700794926,2.86747047561044,3.06036731683938,3.14370351454109,3.33547509648358,3.07364702113665,3.39364897253611,3.40995369600193,3.6565929116109,3.92293886799081,3.94463218882905,4.22160380902938,4.67448221829561,5.08002036418091,5.19682741904619,5.24998870517392,5.4404536843096,..
Lesotho,LSO,"Population, total",SP.POP.TOTL,2032804,2035740,2029829,2018348,2005940,1996114,1989939,1986922,1987129,1990131,1995581,2003787,2014990,2028519,2043437,2059021,2075001,2091412,2108132,..
Lesotho,LSO,"Agriculture, forestry, and fishing, value added (% of GDP)",NV.AGR.TOTL.ZS,7.82713481504646,8.29887058675374,6.39531283270572,6.34688612370652,5.98400675567569,5.67113040473066,4.8427648086475,5.28487934624161,5.53801581103919,6.0397346367265,5.17847502495526,5.15013453093075,4.99944882481543,5.92598793660392,5.62114493918535,4.97062989812616,5.86870394601177,6.11840809723532,..,..
Lesotho,LSO,GDP per capita (constant 2010 US$),NY.GDP.PCAP.KD,801.045671161785,828.379134510385,836.804997990131,879.938494863134,900.365435243123,936.1589332324,978.787232862544,1027.649712212,1096.79424446377,1118.73248030413,1183.42152969065,1259.91253843096,1328.05793966893,1343.52354264215,1375.34996500503,1402.70368528975,1436.1495317694,1392.30325414342,1401.61111510612,..
Lesotho,LSO,Poverty headcount ratio at $1.90 a day (2011 PPP) (% of population),SI.POV.DDAY,..,..,61.3,..,..,..,..,..,..,..,59.7,..,..,..,..,..,..,..,..,..
Lesotho,LSO,Urban population (% of total population),SP.URB.TOTL.IN.ZS,19.548,20.067,20.597,21.137,21.689,22.249,22.82,23.304,23.796,24.293,24.798,25.31,25.704,26.101,26.502,26.908,27.317,27.73,28.153,..
Lesotho,LSO,GINI index (World Bank estimate),SI.POV.GINI,..,..,51.6,..,..,..,..,..,..,..,54.2,..,..,..,..,..,..,..,..,..
Malawi,MWI,"PPP conversion factor, GDP (LCU per international $)",PA.NUS.PPP,13.2431500235246,16.2792975681842,34.0858741182953,36.9266674231438,41.2972233370095,44.3515309466024,51.6444494169338,52.3553181335724,57.5009877131746,61.5740539045715,68.2460128870329,76.2591779599865,88.0351935396982,110.136350285718,130.664861848491,155.83008900156,184.27068076323,205.176342154027,217.905106622215,..
Malawi,MWI,"Population, total",SP.POP.TOTL,11148758,11432000,11713664,12000181,12301838,12625952,12973699,13341806,13727890,14128155,14539612,14962112,15396005,15839269,16289540,16745303,17205289,17670260,18143315,..
Malawi,MWI,"Agriculture, forestry, and fishing, value added (% of GDP)",NV.AGR.TOTL.ZS,35.6608481454938,35.2826737728984,38.8184059615834,36.2226652993251,34.7139476057526,32.9145764838685,30.8673246525606,27.5112790183583,29.9758065486818,30.4290029672226,29.6148722529818,28.7723804157092,28.2889262394967,28.673642187669,28.702698759338,27.4812238583409,25.9270434125021,26.0969242390109,..,..
Malawi,MWI,GDP per capita (constant 2010 US$),NY.GDP.PCAP.KD,392.524584680197,363.755173723256,361.043545559542,372.531249361403,383.094188753926,385.460830097058,392.759998934441,418.588218571652,437.895476144955,460.92468272226,478.668589704525,487.730681851429,482.923781207912,493.818369482748,507.537974993908,507.548405016318,506.249661337383,512.645612270701,516.754055180455,..
Malawi,MWI,Poverty headcount ratio at $1.90 a day (2011 PPP) (% of population),SI.POV.DDAY,..,..,..,..,73.4,..,..,..,..,..,71.7,..,..,..,..,..,70.3,..,..,..
Malawi,MWI,Urban population (% of total population),SP.URB.TOTL.IN.ZS,14.61,14.698,14.786,14.875,14.964,15.054,15.144,15.235,15.326,15.429,15.544,15.672,15.812,15.966,16.132,16.313,16.506,16.714,16.937,..
Malawi,MWI,GINI index (World Bank estimate),SI.POV.GINI,..,..,..,..,39.9,..,..,..,..,..,45.5,..,..,..,..,..,44.7,..,..,..
Mali,MLI,"PPP conversion factor, GDP (LCU per international $)",PA.NUS.PPP,164.734021794619,168.739696543261,171.947520234797,155.992409204888,157.3692750027,164.064182745866,166.645018252312,169.677757876837,177.677514240874,185.459298234856,191.330860146419,210.193369656089,215.73492866132,213.500789199599,212.15685014089,216.39142337481,216.961186071441,217.094438634627,216.610009211134,..
Mali,MLI,"Population, total",SP.POP.TOTL,10946445,11271600,11616887,11982695,12369070,12775516,13203378,13651464,14113577,14581429,15049353,15514591,15979499,16449864,16934220,17438778,17965429,18512394,19077690,..
Mali,MLI,"Agriculture, forestry, and fishing, value added (% of GDP)",NV.AGR.TOTL.ZS,32.9018677247122,32.8136059590433,32.7141837452601,29.8766298501644,30.0155098700279,32.3784818407707,29.7905088284199,31.3528746829182,33.1323471820487,31.7666384667276,33.0168300296146,34.5586305785061,38.1141024753005,36.7320515235235,37.4567692812305,37.7232568576052,38.3677011729355,38.3347343169632,38.5264032692822,..
Mali,MLI,GDP per capita (constant 2010 US$),NY.GDP.PCAP.KD,554.652402640932,621.476640049779,621.735763659769,657.720917371308,647.115493818228,667.469980410184,675.950566330353,676.603639507193,685.689385390537,694.743150532469,709.581964584771,710.606419349545,684.16295019826,679.909721917612,706.981553968772,727.461077910691,747.09165646389,764.169157080828,777.860597486563,..
Mali,MLI,Poverty headcount ratio at $1.90 a day (2011 PPP) (% of population),SI.POV.DDAY,..,58.5,..,..,..,..,51.2,..,..,49.7,..,..,..,..,..,..,..,..,..,..
Mali,MLI,Urban population (% of total population),SP.URB.TOTL.IN.ZS,28.356,29.075,29.806,30.547,31.3,32.06,32.832,33.612,34.403,35.2,35.999,36.799,37.599,38.398,39.196,39.991,40.783,41.572,42.356,..
Mali,MLI,GINI index (World Bank estimate),SI.POV.GINI,..,39.9,..,..,..,..,38.9,..,..,33,..,..,..,..,..,..,..,..,..,..
Mozambique,MOZ,"PPP conversion factor, GDP (LCU per international $)",PA.NUS.PPP,9.46024906674366,10.6106319672042,11.5898879372124,11.9379604573193,12.4961362695102,12.8697211853637,13.4791492599791,14.0077862490817,14.837327424674,14.8835312533395,15.8366959931408,16.0295526642596,16.6487228800597,17.0025584080969,17.1263435158727,17.6875718204861,19.581530286071,21.6875832992519,22.2672254308646,..
Mozambique,MOZ,"Population, total",SP.POP.TOTL,17711927,18221888,18764155,19331100,19910552,20493925,21080110,21673316,22276596,22894710,23531574,24187487,24862648,25560725,26286163,27042002,27829942,28649007,29495962,..
Mozambique,MOZ,"Agriculture, forestry, and fishing, value added (% of GDP)",NV.AGR.TOTL.ZS,20.1145391159568,19.1721674007002,23.9830108846935,23.8173050633921,23.2966875908024,23.4588311384822,24.5619551163463,24.667402653908,26.8562334140111,27.9009801695566,27.3439023591681,26.2958842850096,25.2325154329242,24.0814894032394,22.7504376861514,22.9439489373622,22.6179903328615,21.2610151119442,21.4135982314416,..
Mozambique,MOZ,GDP per capita (constant 2010 US$),NY.GDP.PCAP.KD,261.692204306287,286.726561978418,302.926636653661,313.156902681318,327.792550830097,346.23371016203,369.765044790193,386.35186649542,401.735837325588,415.718926444889,431.515471518473,449.694380772883,468.973457897011,488.74344178427,510.63357032469,529.091057732145,533.458493191462,537.572286171055,539.183340263272,..
Mozambique,MOZ,Poverty headcount ratio at $1.90 a day (2011 PPP) (% of population),SI.POV.DDAY,..,..,81,..,..,..,..,..,69.1,..,..,..,..,..,62.4,..,..,..,..,..
Mozambique,MOZ,Urban population (% of total population),SP.URB.TOTL.IN.ZS,29.098,29.277,29.457,29.637,29.818,29.999,30.182,30.364,30.832,31.328,31.83,32.336,32.846,33.36,33.878,34.4,34.926,35.455,35.988,..
Mozambique,MOZ,GINI index (World Bank estimate),SI.POV.GINI,..,..,47,..,..,..,..,..,45.6,..,..,..,..,..,54,..,..,..,..,..
Nigeria,NGA,"PPP conversion factor, GDP (LCU per international $)",PA.NUS.PPP,23.6466731857131,25.4707430942626,30.3670403801771,32.7363776398467,39.0087637118283,45.3429114644007,54.5140111301296,56.8570211343056,60.1901090101586,60.1445606201579,69.1678666765207,74.3777381549657,80.237726888798,82.7688032337748,85.0195234598328,86.5289082371875,93.7616344445548,102.243492425443,110.222020326631,..
Nigeria,NGA,"Population, total",SP.POP.TOTL,122283850,125394046,128596076,131900631,135320422,138865016,142538308,146339977,150269623,154324933,158503197,162805071,167228767,171765769,176404902,181137448,185960289,190873311,195874740,..
Nigeria,NGA,"Agriculture, forestry, and fishing, value added (% of GDP)",NV.AGR.TOTL.ZS,21.3572412972176,24.4753546604632,36.9650826655369,33.8270605520678,27.2304536003492,26.0892828253052,24.7349912604596,24.6625772141572,25.2797507791406,26.7488545066064,23.8937040914541,22.2347109927204,21.8599586164672,20.7586228323417,19.9902547675923,20.6318934802764,20.9831097070839,20.8465714308196,21.1995501675726,..
Nigeria,NGA,GDP per capita (constant 2010 US$),NY.GDP.PCAP.KD,1383.66605146727,1429.19652677733,1607.23826655415,1682.09998921613,1791.26154475003,1857.92556390535,1919.72420341649,1993.09741067712,2072.27348562123,2179.98941589805,2292.44515619082,2350.3368242726,2384.95417065007,2476.86387820509,2563.89996945741,2563.14886397093,2456.3061881429,2412.36712511876,2396.31091415442,..
Nigeria,NGA,Poverty headcount ratio at $1.90 a day (2011 PPP) (% of population),SI.POV.DDAY,..,..,..,53.5,..,..,..,..,..,53.5,..,..,..,..,..,..,..,..,..,..
Nigeria,NGA,Urban population (% of total population),SP.URB.TOTL.IN.ZS,34.84,35.669,36.508,37.356,38.212,39.074,39.943,40.819,41.702,42.588,43.48,44.366,45.246,46.118,46.982,47.838,48.683,49.519,50.344,..
Nigeria,NGA,GINI index (World Bank estimate),SI.POV.GINI,..,..,..,40.1,..,..,..,..,..,43,..,..,..,..,..,..,..,..,..,..
Rwanda,RWA,"PPP conversion factor, GDP (LCU per international $)",PA.NUS.PPP,139.374178587934,137.814036460921,128.619310114368,153.623570652202,169.091493674051,178.827771496087,182.398537371588,200.025692237315,225.359737225269,241.454274525034,245.579754132702,260.751008671238,268.869400129619,276.016630947331,279.155246581958,276.990914208344,289.051755189076,304.491787318829,295.390064683328,..
Rwanda,RWA,"Population, total",SP.POP.TOTL,7933681,8231156,8427060,8557161,8680524,8840215,9043337,9273757,9524534,9782770,10039338,10293331,10549678,10811543,11083635,11369071,11668818,11980937,12301939,..
Rwanda,RWA,"Agriculture, forestry, and fishing, value added (% of GDP)",NV.AGR.TOTL.ZS,35.5671714635337,35.7443261079688,33.9348912830417,36.7315989473369,37.0417620292196,36.9037699922822,34.452943229409,30.4800919074881,28.2711934958763,29.3379633238205,28.1421329731477,28.2300982435551,29.2196686762229,28.8913709950676,28.7545641795124,28.0075429548457,29.3095249406781,30.9620374574355,29.038954695323,..
Rwanda,RWA,GDP per capita (constant 2010 US$),NY.GDP.PCAP.KD,331.408448298989,346.533581678974,383.129910045447,385.614569872125,408.44568927366,438.679071839297,468.394080207173,491.842167316159,532.371270572381,550.742414785391,576.049201001347,605.567684925824,642.968103923393,656.967430424764,689.700842832434,732.011911060642,755.86731106261,780.772283298482,826.338519596595,..
Rwanda,RWA,Poverty headcount ratio at $1.90 a day (2011 PPP) (% of population),SI.POV.DDAY,77.2,..,..,..,..,68.3,..,..,..,..,62.3,..,..,56.8,..,..,55.5,..,..,..
Rwanda,RWA,Urban population (% of total population),SP.URB.TOTL.IN.ZS,14.926,15.829,16.777,16.904,16.908,16.912,16.917,16.921,16.925,16.93,16.934,16.938,16.943,16.947,16.967,17.004,17.056,17.125,17.211,..
Rwanda,RWA,GINI index (World Bank estimate),SI.POV.GINI,48.5,..,..,..,..,52,..,..,..,..,47.2,..,..,45.1,..,..,43.7,..,..,..
Senegal,SEN,"PPP conversion factor, GDP (LCU per international $)",PA.NUS.PPP,223.754346141729,224.67488074199,228.474822529175,225.458872797598,220.712259141885,219.359848580284,221.41617855538,227.09068732985,237.317953023344,233.186710836781,232.979048179342,236.287125919422,237.912402859331,234.056815786719,224.845056146236,224.847543903213,224.539204999762,223.796382689801,223.995298313443,..
Senegal,SEN,"Population, total",SP.POP.TOTL,9797734,10036104,10283699,10541467,10810083,11090116,11382268,11687080,12004701,12335084,12678148,13033809,13401991,13782420,14174731,14578459,14993528,15419381,15854360,..
Senegal,SEN,"Agriculture, forestry, and fishing, value added (% of GDP)",NV.AGR.TOTL.ZS,16.8610299237633,16.3443406151453,13.6190067947348,15.1124218334535,13.7032346782809,14.6115566722622,12.9374347145511,11.9799699683047,14.5447451508342,15.9421074959169,15.8376164673358,12.8834741887498,13.9683553152379,13.6909373631986,13.3687979539642,14.2824516828913,14.4140950422745,16.0381959877473,16.562290035388,..
Senegal,SEN,GDP per capita (constant 2010 US$),NY.GDP.PCAP.KD,1114.0767239622,1137.43879151626,1117.32196892424,1162.84757014325,1200.52413544128,1236.00639372208,1233.92569040887,1261.09146625555,1277.52659986561,1269.32590019021,1278.97775412843,1262.22104287166,1290.36339132876,1290.15642127655,1337.40669024918,1383.16720580259,1430.36239529003,1489.37203057706,1546.52015892676,..
Senegal,SEN,Poverty headcount ratio at $1.90 a day (2011 PPP) (% of population),SI.POV.DDAY,..,48.3,..,..,..,37.4,..,..,..,..,..,38,..,..,..,..,..,..,..,..
Senegal,SEN,Urban population (% of total population),SP.URB.TOTL.IN.ZS,40.32,40.464,40.607,40.898,41.306,41.714,42.124,42.535,42.947,43.359,43.773,44.188,44.603,45.019,45.436,45.862,46.296,46.74,47.192,..
Senegal,SEN,GINI index (World Bank estimate),SI.POV.GINI,..,41.2,..,..,..,39.2,..,..,..,..,..,40.3,..,..,..,..,..,..,..,..
Sierra Leone,SLE,"PPP conversion factor, GDP (LCU per international $)",PA.NUS.PPP,401.287111699893,682.613298540538,645.667749818153,717.211598889125,787.916063780619,891.186255691275,971.655800947677,1010.546654894,1090.32945684976,1166.28512480943,1350.87817390465,1553.13859999819,1707.40772857723,1794.16228838446,1792.49689855924,2108.10435861405,2122.32813557818,2387.70593363926,2586.28311971612,..
Sierra Leone,SLE,"Population, total",SP.POP.TOTL,4584571,4754072,4965766,5201070,5433991,5645624,5829237,5989633,6133603,6272734,6415634,6563240,6712581,6863980,7017144,7171914,7328838,7488431,7650154,..
Sierra Leone,SLE,"Agriculture, forestry, and fishing, value added (% of GDP)",NV.AGR.TOTL.ZS,55.0141620912989,45.1363540353439,46.2142462299723,46.3565746347959,48.4860562620342,49.3914513774696,50.2940871330198,52.1760471776566,53.6535083221127,55.2608826771866,52.9426802645402,54.5934658718491,50.5921166371271,47.9833089783607,51.7925286654397,58.6518937048545,58.2087413276203,60.2835450445524,..,..
Sierra Leone,SLE,GDP per capita (constant 2010 US$),NY.GDP.PCAP.KD,302.264265607971,272.991178006267,330.395926585628,344.826417313311,351.822123761394,353.889418515374,357.219529970943,375.668000342173,386.653814008902,390.131035408141,401.835001366837,417.603168385485,470.301404621334,555.205562395033,567.834267043931,441.137664064293,457.833091719662,466.94506935512,474.113440083732,..
Sierra Leone,SLE,Poverty headcount ratio at $1.90 a day (2011 PPP) (% of population),SI.POV.DDAY,..,..,..,60.6,..,..,..,..,..,..,..,52.2,..,..,..,..,..,..,..,..
Sierra Leone,SLE,Urban population (% of total population),SP.URB.TOTL.IN.ZS,35.626,35.867,36.109,36.352,36.596,36.919,37.303,37.689,38.077,38.466,38.856,39.248,39.642,40.036,40.432,40.829,41.228,41.636,42.055,..
Sierra Leone,SLE,GINI index (World Bank estimate),SI.POV.GINI,..,..,..,40.2,..,..,..,..,..,..,..,34,..,..,..,..,..,..,..,..
Tanzania,TZA,"PPP conversion factor, GDP (LCU per international $)",PA.NUS.PPP,264.185849000118,270.965531520176,286.040075431755,304.466646148841,316.899466109068,326.963395017572,334.846256633141,355.758554988784,406.134637185425,439.505390902235,475.405442599373,522.483236812375,566.397182774731,610.433579224291,635.349845944979,676.349083063854,719.023410465672,724.689159603402,737.053932720695,..
Tanzania,TZA,"Population, total",SP.POP.TOTL,33499180,34385856,35334788,36337782,37379767,38450320,39548663,40681414,41853944,43073834,44346525,45673338,47052481,48482266,49959822,51482633,53050790,54663906,56318348,..
Tanzania,TZA,"Agriculture, forestry, and fishing, value added (% of GDP)",NV.AGR.TOTL.ZS,26.2082588660116,25.8002891149191,25.1630822504258,24.9107254007848,25.6969763323593,24.6488410840254,23.6693107280674,23.2454882365156,24.7654938766035,26.0351903598507,25.5824068871018,24.9768644464588,26.5509265207861,26.7908679172376,25.8025774475571,26.745885729563,27.4441425717754,28.7420860741204,..,..
Tanzania,TZA,GDP per capita (constant 2010 US$),NY.GDP.PCAP.KD,522.076788410543,539.527792105888,562.318459404299,583.314433771753,609.636715612512,637.005622161401,659.804350340482,684.884049106531,703.588494527695,719.723078440627,743.403784726004,777.227218443918,788.439151581443,817.122634053598,846.386841468855,871.998368594318,904.381892324943,937.301491612021,957.125935173965,..
Tanzania,TZA,Poverty headcount ratio at $1.90 a day (2011 PPP) (% of population),SI.POV.DDAY,86,..,..,..,..,..,..,59.9,..,..,..,49.1,..,..,..,..,..,..,..,..
Tanzania,TZA,Urban population (% of total population),SP.URB.TOTL.IN.ZS,22.309,22.674,23.044,23.611,24.223,24.845,25.478,26.121,26.776,27.439,28.114,28.798,29.493,30.196,30.904,31.617,32.333,33.053,33.776,..
Tanzania,TZA,GINI index (World Bank estimate),SI.POV.GINI,37.3,..,..,..,..,..,..,40.3,..,..,..,37.8,..,..,..,..,..,..,..,..
Togo,TGO,"PPP conversion factor, GDP (LCU per international $)",PA.NUS.PPP,218.858137892377,223.081586819803,241.704443690373,234.309167352598,217.024016674826,209.958951842062,200.022514600158,197.541122382164,216.590933986578,218.358505268421,217.207304732342,215.060278884425,214.620772640363,214.542614581952,210.381755932138,215.398903629465,215.100686482717,214.146701795534,211.798643583712,..
Togo,TGO,"Population, total",SP.POP.TOTL,4924402,5062567,5197031,5330639,5467766,5611640,5762880,5920359,6083420,6250835,6421679,6595943,6773807,6954721,7137997,7323158,7509952,7698475,7889094,..
Togo,TGO,"Agriculture, forestry, and fishing, value added (% of GDP)",NV.AGR.TOTL.ZS,30.5616447785057,33.9296318066856,33.1543867988672,28.3790963986021,31.1118889224521,36.550058382401,33.6433731099332,29.1397239284504,38.9020694905421,30.9296084991408,28.7401118556367,29.8750736235753,42.5239181266441,37.5148419368984,41.1782291462385,39.772544489248,26.3930740004973,23.6070306500798,23.5594674104787,..
Togo,TGO,GDP per capita (constant 2010 US$),NY.GDP.PCAP.KD,530.735468606875,507.852504397434,490.150719261617,501.540859472443,499.324071610125,492.265095589971,498.771262439279,496.624410572702,502.946195579749,516.58261555087,533.508791977233,552.64666872634,573.348419996877,592.567230126766,611.535069132788,630.304504941714,644.856575976385,657.054767261362,672.49479253367,..
Togo,TGO,Poverty headcount ratio at $1.90 a day (2011 PPP) (% of population),SI.POV.DDAY,..,..,..,..,..,..,55.6,..,..,..,..,54.2,..,..,..,49.2,..,..,..,..
Togo,TGO,Urban population (% of total population),SP.URB.TOTL.IN.ZS,32.907,33.356,33.809,34.265,34.724,35.185,35.649,36.116,36.587,37.058,37.533,38.032,38.546,39.061,39.579,40.1,40.628,41.162,41.702,..
Togo,TGO,GINI index (World Bank estimate),SI.POV.GINI,..,..,..,..,..,..,42.2,..,..,..,..,46,..,..,..,43.1,..,..,..,..
Uganda,UGA,"PPP conversion factor, GDP (LCU per international $)",PA.NUS.PPP,466.316682778726,476.99908123895,454.688236288506,481.247347277668,541.678873773726,516.168877947072,513.059704202447,536.217769438538,559.461880524516,744.126208520526,813.282966748141,833.540477569221,993.867233505624,1016.03999024262,1031.12525943448,1071.27191802833,1098.22741575189,1145.39376310201,1157.27334242887,..
Uganda,UGA,"Population, total",SP.POP.TOTL,23650172,24388968,25167257,25980552,26821297,27684585,28571475,29486338,30431736,31411096,32428167,33476919,34559168,35695246,36912148,38225453,39647506,41162465,42723139,..
Uganda,UGA,"Agriculture, forestry, and fishing, value added (% of GDP)",NV.AGR.TOTL.ZS,27.5091068813608,27.8502414792568,23.4334280035322,24.5070225782703,21.6703526423589,25.0749361342896,24.0349329838703,22.2781136787637,21.384598562648,26.1461755849733,26.2355373274096,25.0625298111199,26.0815285901056,25.4799523470807,25.0743798029182,23.9815827987955,23.6543451870448,24.5806769808807,24.1938062762584,..
Uganda,UGA,GDP per capita (constant 2010 US$),NY.GDP.PCAP.KD,418.978045497933,427.34677354211,450.295995473314,464.436283088131,480.502227372102,494.998010536416,531.359891717918,558.186918698047,587.947131467985,608.358157984093,622.498845744984,659.628958421381,663.492402518546,665.416727461097,676.337633104653,686.982778383969,694.009087978677,694.289534078241,709.665806115533,..
Uganda,UGA,Poverty headcount ratio at $1.90 a day (2011 PPP) (% of population),SI.POV.DDAY,..,..,65.1,..,..,56.4,..,..,..,44.6,..,..,35.9,..,..,..,41.7,..,..,..
Uganda,UGA,Urban population (% of total population),SP.URB.TOTL.IN.ZS,14.786,15.201,15.626,16.061,16.507,16.96,17.425,17.899,18.384,18.878,19.383,19.898,20.424,20.958,21.504,22.06,22.624,23.196,23.774,..
Uganda,UGA,GINI index (World Bank estimate),SI.POV.GINI,..,..,45.2,..,..,42.9,..,..,..,44.2,..,..,41,..,..,..,42.8,..,..,..
Zambia,ZMB,"PPP conversion factor, GDP (LCU per international $)",PA.NUS.PPP,0.635574346313317,0.779476100384507,0.916132665293705,1.05779844931756,1.23316332684064,1.39503300198411,1.55096679671101,1.706294626758,1.8518280568955,1.93999432931501,2.18517845034179,2.37838033316456,2.49676013660882,2.69237783548692,2.78607797046637,2.94019684822928,3.3031712459339,3.57230368553241,3.81942141192084,..
Zambia,ZMB,"Population, total",SP.POP.TOTL,10415944,10692193,10971698,11256743,11550642,11856247,12173514,12502958,12848530,13215139,13605984,14023193,14465121,14926504,15399753,15879361,16363507,16853688,17351822,..
Zambia,ZMB,"Agriculture, forestry, and fishing, value added (% of GDP)",NV.AGR.TOTL.ZS,16.1497734560385,15.5274822358648,15.361429938368,15.6170996158156,15.5809428822284,14.5885513717285,13.2062710587766,12.1055962375597,11.4539997547605,11.5527836333973,9.42098977636374,9.64777585337514,9.3215310020682,8.22656371319727,6.77960927230019,4.9808295402307,6.22847041620006,4.02429580828388,2.57621281328594,..
Zambia,ZMB,GDP per capita (constant 2010 US$),NY.GDP.PCAP.KD,948.736226562039,973.3639719419,991.310020774582,1033.31080222697,1077.83638665003,1126.03193642396,1183.36385895953,1248.41842388165,1309.2816486784,1390.33144624924,1489.45906989027,1525.56257529696,1591.31999375648,1620.15403639761,1644.10678956382,1641.00548167911,1652.28445767614,1658.82320704151,1672.34542786224,..
Zambia,ZMB,Poverty headcount ratio at $1.90 a day (2011 PPP) (% of population),SI.POV.DDAY,..,..,49.4,..,56.7,..,60.5,..,..,..,64.4,..,..,..,..,57.5,..,..,..,..
Zambia,ZMB,Urban population (% of total population),SP.URB.TOTL.IN.ZS,34.802,35.002,35.475,35.951,36.43,36.911,37.395,37.881,38.371,38.861,39.355,39.851,40.354,40.865,41.382,41.907,42.438,42.976,43.521,..
Zambia,ZMB,GINI index (World Bank estimate),SI.POV.GINI,..,..,42.1,..,54.3,..,54.6,..,..,..,55.6,..,..,..,..,57.1,..,..,..,..
Zimbabwe,ZWE,"PPP conversion factor, GDP (LCU per international $)",PA.NUS.PPP,0.240184563172598,0.234721739011754,0.237335537391976,0.253516057503929,0.265660353707889,0.270868857560472,0.257607853466718,0.253113809503205,0.251634260026167,0.487994905892592,0.502143681221141,0.504427291187321,0.514874025992003,0.553408965253956,0.54176400828514,0.539290071931537,0.544984546424208,0.567076922787613,0.709879966589335,..
Zimbabwe,ZWE,"Population, total",SP.POP.TOTL,11881477,11923914,11954290,11982224,12019912,12076699,12155491,12255922,12379549,12526968,12697723,12894316,13115131,13350356,13586681,13814629,14030390,14236745,14439018,..
Zimbabwe,ZWE,"Agriculture, forestry, and fishing, value added (% of GDP)",NV.AGR.TOTL.ZS,15.6670634205514,15.6270707194768,12.568367556294,14.7933552108235,18.0637968344486,17.14823973915,19.2301157819588,21.1976885420745,19.0210740632273,10.7425502260637,9.60986326863104,8.6658651729864,8.0445175274368,7.1444794463575,8.74530422877265,8.28424690276128,7.87398582101493,9.66342785271785,12.0819491311957,..
Zimbabwe,ZWE,GDP per capita (constant 2010 US$),NY.GDP.PCAP.KD,1449.04276709557,1464.67204934172,1331.01303449979,1102.23075464005,1034.96298817003,971.26672303256,931.5685400464,890.180454570516,725.575973686015,803.222028647959,948.33185445926,1066.42626547202,1223.20343166571,1225.55811171109,1232.86486526016,1234.10335223099,1224.30992212084,1263.3213216487,1322.3440634317,..
Zimbabwe,ZWE,Poverty headcount ratio at $1.90 a day (2011 PPP) (% of population),SI.POV.DDAY,..,..,..,..,..,..,..,..,..,..,..,21.4,..,..,..,..,..,..,..,..
Zimbabwe,ZWE,Urban population (% of total population),SP.URB.TOTL.IN.ZS,33.758,34.17,34.585,34.479,34.294,34.11,33.926,33.743,33.56,33.378,33.196,33.015,32.834,32.654,32.504,32.385,32.296,32.237,32.209,..
Zimbabwe,ZWE,GINI index (World Bank estimate),SI.POV.GINI,..,..,..,..,..,..,..,..,..,..,..,43.2,..,..,..,..,..,..,..,..
,,,,,,,,,,,,,,,,,,,,,,,
,,,,,,,,,,,,,,,,,,,,,,,
,,,,,,,,,,,,,,,,,,,,,,,
Data from database: World Development Indicators,,,,,,,,,,,,,,,,,,,,,,,
Last Updated: 10/28/2019,,,,,,,,,,,,,,,,,,,,,,,
